2026-04-29 12:57:20,093 - INFO - 
==================================================
Processing question: What was the language from which the last name Sylvester originated during the era of the person crowned emperor of the west in 800 CE later known as?
==================================================
2026-04-29 12:57:20,094 - INFO - 🎯 PLAN Agent: Starting question decomposition
2026-04-29 12:58:01,209 - INFO - HTTP Request: POST http://127.0.0.1:8002/v1/chat/completions "HTTP/1.1 200 OK"
2026-04-29 12:58:01,224 - INFO - Generated plan: 2 sub-questions
2026-04-29 12:58:01,224 - INFO - 
Processing sub-question 1: Who was crowned emperor of the West in 800 CE?
2026-04-29 12:58:01,295 - INFO - 🔍 Analysis-Answer Agent: Starting information analysis
2026-04-29 12:58:16,200 - INFO - HTTP Request: POST http://127.0.0.1:8002/v1/chat/completions "HTTP/1.1 200 OK"
2026-04-29 12:58:16,201 - INFO - Analysis result: status=yes
2026-04-29 12:58:16,201 - INFO - ✅ Sub-question 1 succeeded: Charlemagne
2026-04-29 12:58:16,201 - INFO - 
Processing sub-question 2: What was the language from which the last name Sylvester originated during the era of Charlemagne?
2026-04-29 12:58:16,272 - INFO - 🔍 Analysis-Answer Agent: Starting information analysis
2026-04-29 12:58:32,932 - INFO - HTTP Request: POST http://127.0.0.1:8002/v1/chat/completions "HTTP/1.1 200 OK"
2026-04-29 12:58:32,934 - INFO - Analysis result: status=yes
2026-04-29 12:58:32,934 - INFO - ✅ Sub-question 2 succeeded: Latin
2026-04-29 12:58:32,934 - INFO - 
==================================================
2026-04-29 12:58:32,934 - INFO - Final answer: Latin
2026-04-29 12:58:32,934 - INFO - Total time: 72.84 seconds
2026-04-29 12:58:32,934 - INFO - Retrieval rounds: 2
2026-04-29 12:58:32,934 - INFO - Execution traces: 3
2026-04-29 12:58:32,934 - INFO - ==================================================

2026-04-29 12:58:32,934 - INFO - 
==================================================
Processing question: Who is the head of the agency that created MYSTIC?
==================================================
2026-04-29 12:58:32,934 - INFO - 🎯 PLAN Agent: Starting question decomposition
2026-04-29 12:58:44,007 - INFO - HTTP Request: POST http://127.0.0.1:8002/v1/chat/completions "HTTP/1.1 200 OK"
2026-04-29 12:58:44,008 - INFO - Generated plan: 2 sub-questions
2026-04-29 12:58:44,008 - INFO - 
Processing sub-question 1: Which agency created MYSTIC?
2026-04-29 12:58:44,081 - INFO - 🔍 Analysis-Answer Agent: Starting information analysis
2026-04-29 12:59:21,317 - INFO - HTTP Request: POST http://127.0.0.1:8002/v1/chat/completions "HTTP/1.1 200 OK"
2026-04-29 12:59:21,319 - INFO - Analysis result: status=no
2026-04-29 12:59:21,319 - INFO - Insufficient information, attempting query rewrite (attempt 1/2)
2026-04-29 12:59:21,319 - INFO - ✏️ Rewrite Agent: Starting query rewrite
2026-04-29 12:59:36,608 - INFO - HTTP Request: POST http://127.0.0.1:8002/v1/chat/completions "HTTP/1.1 200 OK"
2026-04-29 12:59:36,609 - INFO - Rewrite strategy: Expanded verbs related to creation (developed, originated, initiated) and included agency synonyms (NSA, National Security Agency) while retaining program name variations (MYSTIC, Mystic)
2026-04-29 12:59:36,679 - INFO - 🔍 Analysis-Answer Agent: Starting information analysis
2026-04-29 12:59:47,614 - INFO - HTTP Request: POST http://127.0.0.1:8002/v1/chat/completions "HTTP/1.1 200 OK"
2026-04-29 12:59:47,615 - INFO - Analysis result: status=yes
2026-04-29 12:59:47,615 - INFO - ✅ Sub-question 1 succeeded: The US National Security Agency (NSA)
2026-04-29 12:59:47,615 - INFO - 
Processing sub-question 2: Who is the head of The US National Security Agency (NSA)?
2026-04-29 12:59:47,696 - INFO - 🔍 Analysis-Answer Agent: Starting information analysis
2026-04-29 13:00:04,617 - INFO - HTTP Request: POST http://127.0.0.1:8002/v1/chat/completions "HTTP/1.1 200 OK"
2026-04-29 13:00:04,618 - INFO - Analysis result: status=no
2026-04-29 13:00:04,618 - INFO - Insufficient information, attempting query rewrite (attempt 1/2)
2026-04-29 13:00:04,618 - INFO - ✏️ Rewrite Agent: Starting query rewrite
2026-04-29 13:00:15,780 - INFO - HTTP Request: POST http://127.0.0.1:8002/v1/chat/completions "HTTP/1.1 200 OK"
2026-04-29 13:00:15,781 - INFO - Rewrite strategy: Expanded keywords to include synonyms for 'head' (e.g., 'director') and variations of the agency's name (full name vs. acronym).
2026-04-29 13:00:15,879 - INFO - 🔍 Analysis-Answer Agent: Starting information analysis
2026-04-29 13:00:34,076 - INFO - HTTP Request: POST http://127.0.0.1:8002/v1/chat/completions "HTTP/1.1 200 OK"
2026-04-29 13:00:34,078 - INFO - Analysis result: status=no
2026-04-29 13:00:34,078 - INFO - Insufficient information, attempting query rewrite (attempt 2/2)
2026-04-29 13:00:34,078 - INFO - ✏️ Rewrite Agent: Starting query rewrite
2026-04-29 13:00:50,134 - INFO - HTTP Request: POST http://127.0.0.1:8002/v1/chat/completions "HTTP/1.1 200 OK"
2026-04-29 13:00:50,135 - INFO - Rewrite strategy: Expanded keywords to include synonyms for 'head' (director, chief, leader) and alternative phrasings for NSA (National Security Agency, NSA). Added 'United States' for specificity and included terms like 'leadership' and 'official' to capture broader contextual references.
2026-04-29 13:00:50,214 - INFO - 🔍 Analysis-Answer Agent: Starting information analysis
2026-04-29 13:01:10,174 - INFO - HTTP Request: POST http://127.0.0.1:8002/v1/chat/completions "HTTP/1.1 200 OK"
2026-04-29 13:01:10,175 - INFO - Analysis result: status=no
2026-04-29 13:01:10,175 - WARNING - ❌ Sub-question 2 failed: The provided documents do not mention the current head of the US National Security Agency (NSA). While the NSA is referenced in chunk 8 (e.g., 'mystic is a former secret program used since 2009 by the us national security agency (nsa)'), no information about its director or leadership is provided. Other chunks discuss unrelated topics like the Department of Homeland Security, historical events, or academic institutions, but none identify the NSA's head. Thus, the documents lack sufficient information to answer the question.
2026-04-29 13:01:10,175 - INFO - 
==================================================
2026-04-29 13:01:10,175 - INFO - Final answer: The US National Security Agency (NSA)
2026-04-29 13:01:10,175 - INFO - Total time: 157.24 seconds
2026-04-29 13:01:10,175 - INFO - Retrieval rounds: 5
2026-04-29 13:01:10,175 - INFO - Execution traces: 9
2026-04-29 13:01:10,175 - INFO - ==================================================

2026-04-29 13:01:10,176 - INFO - 
==================================================
Processing question: What was the wettest year of the administrative territorial entity that contains the administrative territorial entity where Drexel Heights is located?
==================================================
2026-04-29 13:01:10,176 - INFO - 🎯 PLAN Agent: Starting question decomposition
2026-04-29 13:02:01,500 - INFO - HTTP Request: POST http://127.0.0.1:8002/v1/chat/completions "HTTP/1.1 200 OK"
2026-04-29 13:02:01,501 - INFO - Generated plan: 1 sub-questions
2026-04-29 13:02:01,501 - INFO - 
Processing sub-question 1: What was the wettest year of the administrative territorial entity that contains the administrative territorial entity where Drexel Heights is located?
2026-04-29 13:02:01,589 - INFO - 🔍 Analysis-Answer Agent: Starting information analysis
2026-04-29 13:02:13,137 - INFO - HTTP Request: POST http://127.0.0.1:8002/v1/chat/completions "HTTP/1.1 200 OK"
2026-04-29 13:02:13,138 - INFO - Analysis result: status=yes
2026-04-29 13:02:13,138 - INFO - ✅ Sub-question 1 succeeded: 1905
2026-04-29 13:02:13,138 - INFO - 
==================================================
2026-04-29 13:02:13,138 - INFO - Final answer: 1905
2026-04-29 13:02:13,138 - INFO - Total time: 62.96 seconds
2026-04-29 13:02:13,138 - INFO - Retrieval rounds: 1
2026-04-29 13:02:13,138 - INFO - Execution traces: 2
2026-04-29 13:02:13,139 - INFO - ==================================================

2026-04-29 13:02:13,139 - INFO - 
==================================================
Processing question: Who won the Indy Car Race in the largest populated city of the state where the performer of Mingus Plays Piano is from?
==================================================
2026-04-29 13:02:13,139 - INFO - 🎯 PLAN Agent: Starting question decomposition
2026-04-29 13:02:25,357 - INFO - HTTP Request: POST http://127.0.0.1:8002/v1/chat/completions "HTTP/1.1 200 OK"
2026-04-29 13:02:25,358 - INFO - Generated plan: 4 sub-questions
2026-04-29 13:02:25,358 - INFO - 
Processing sub-question 1: Who is the performer of Mingus Plays Piano?
2026-04-29 13:02:25,432 - INFO - 🔍 Analysis-Answer Agent: Starting information analysis
2026-04-29 13:02:37,215 - INFO - HTTP Request: POST http://127.0.0.1:8002/v1/chat/completions "HTTP/1.1 200 OK"
2026-04-29 13:02:37,217 - INFO - Analysis result: status=yes
2026-04-29 13:02:37,217 - INFO - ✅ Sub-question 1 succeeded: Charles Mingus
2026-04-29 13:02:37,217 - INFO - 
Processing sub-question 2: What state is Charles Mingus from?
2026-04-29 13:02:37,293 - INFO - 🔍 Analysis-Answer Agent: Starting information analysis
2026-04-29 13:02:46,043 - INFO - HTTP Request: POST http://127.0.0.1:8002/v1/chat/completions "HTTP/1.1 200 OK"
2026-04-29 13:02:46,044 - INFO - Analysis result: status=yes
2026-04-29 13:02:46,044 - INFO - ✅ Sub-question 2 succeeded: Arizona
2026-04-29 13:02:46,044 - INFO - 
Processing sub-question 3: What is the largest populated city in Arizona?
2026-04-29 13:02:46,112 - INFO - 🔍 Analysis-Answer Agent: Starting information analysis
2026-04-29 13:02:55,399 - INFO - HTTP Request: POST http://127.0.0.1:8002/v1/chat/completions "HTTP/1.1 200 OK"
2026-04-29 13:02:55,400 - INFO - Analysis result: status=yes
2026-04-29 13:02:55,400 - INFO - ✅ Sub-question 3 succeeded: Phoenix
2026-04-29 13:02:55,400 - INFO - 
Processing sub-question 4: Who won the Indy Car Race in Phoenix?
2026-04-29 13:02:55,471 - INFO - 🔍 Analysis-Answer Agent: Starting information analysis
2026-04-29 13:03:54,843 - INFO - HTTP Request: POST http://127.0.0.1:8002/v1/chat/completions "HTTP/1.1 200 OK"
2026-04-29 13:03:54,844 - INFO - Analysis result: status=no
2026-04-29 13:03:54,845 - INFO - Insufficient information, attempting query rewrite (attempt 1/2)
2026-04-29 13:03:54,845 - INFO - ✏️ Rewrite Agent: Starting query rewrite
2026-04-29 13:04:07,178 - INFO - HTTP Request: POST http://127.0.0.1:8002/v1/chat/completions "HTTP/1.1 200 OK"
2026-04-29 13:04:07,179 - INFO - Rewrite strategy: Expanded with specific event name (Honda Indy 200), track name (Phoenix International Raceway), and synonyms for 'won' to target precise race results
2026-04-29 13:04:07,248 - INFO - 🔍 Analysis-Answer Agent: Starting information analysis
2026-04-29 13:04:36,169 - INFO - HTTP Request: POST http://127.0.0.1:8002/v1/chat/completions "HTTP/1.1 200 OK"
2026-04-29 13:04:36,170 - INFO - Analysis result: status=no
2026-04-29 13:04:36,170 - INFO - Insufficient information, attempting query rewrite (attempt 2/2)
2026-04-29 13:04:36,170 - INFO - ✏️ Rewrite Agent: Starting query rewrite
2026-04-29 13:04:54,311 - INFO - HTTP Request: POST http://127.0.0.1:8002/v1/chat/completions "HTTP/1.1 200 OK"
2026-04-29 13:04:54,312 - INFO - Rewrite strategy: Specified the exact event name ('IndyCar Grand Prix') and track name ('Phoenix Raceway') to eliminate ambiguity, added 'most recent' and '2023' for temporal specificity, and included synonyms like 'champion' to capture different phrasings.
2026-04-29 13:04:54,388 - INFO - 🔍 Analysis-Answer Agent: Starting information analysis
2026-04-29 13:05:43,864 - INFO - HTTP Request: POST http://127.0.0.1:8002/v1/chat/completions "HTTP/1.1 200 OK"
2026-04-29 13:05:43,865 - INFO - Analysis result: status=no
2026-04-29 13:05:43,865 - WARNING - ❌ Sub-question 4 failed: The retrieved documents mention the revival of the IndyCar race in Phoenix in 2016 and reference historical events like Mario Andretti's 1993 victory. However, they do not explicitly state the winner of the Phoenix IndyCar race. While one document (chunk_1109) mentions Alexander Rossi as a 2016 winner, it refers to the IndyCar Grand Prix, not the Phoenix-specific race. The documents lack direct information about the Phoenix race's winner.
2026-04-29 13:05:43,865 - INFO - 
==================================================
2026-04-29 13:05:43,865 - INFO - Final answer: Phoenix
2026-04-29 13:05:43,866 - INFO - Total time: 210.73 seconds
2026-04-29 13:05:43,866 - INFO - Retrieval rounds: 6
2026-04-29 13:05:43,866 - INFO - Execution traces: 9
2026-04-29 13:05:43,866 - INFO - ==================================================

2026-04-29 13:05:43,866 - INFO - 
==================================================
Processing question: What does the river that Darling Mills Creek turns into flow into?
==================================================
2026-04-29 13:05:43,866 - INFO - 🎯 PLAN Agent: Starting question decomposition
2026-04-29 13:05:53,309 - INFO - HTTP Request: POST http://127.0.0.1:8002/v1/chat/completions "HTTP/1.1 200 OK"
2026-04-29 13:05:53,310 - INFO - Generated plan: 2 sub-questions
2026-04-29 13:05:53,311 - INFO - 
Processing sub-question 1: What river does Darling Mills Creek become?
2026-04-29 13:05:53,389 - INFO - 🔍 Analysis-Answer Agent: Starting information analysis
2026-04-29 13:06:12,879 - INFO - HTTP Request: POST http://127.0.0.1:8002/v1/chat/completions "HTTP/1.1 200 OK"
2026-04-29 13:06:12,880 - INFO - Analysis result: status=yes
2026-04-29 13:06:12,880 - INFO - ✅ Sub-question 1 succeeded: The Parramatta River
2026-04-29 13:06:12,880 - INFO - 
Processing sub-question 2: Where does The Parramatta River flow into?
2026-04-29 13:06:12,949 - INFO - 🔍 Analysis-Answer Agent: Starting information analysis
2026-04-29 13:06:22,599 - INFO - HTTP Request: POST http://127.0.0.1:8002/v1/chat/completions "HTTP/1.1 200 OK"
2026-04-29 13:06:22,600 - INFO - Analysis result: status=yes
2026-04-29 13:06:22,600 - INFO - ✅ Sub-question 2 succeeded: Sydney Harbour
2026-04-29 13:06:22,600 - INFO - 
==================================================
2026-04-29 13:06:22,600 - INFO - Final answer: Sydney Harbour
2026-04-29 13:06:22,600 - INFO - Total time: 38.73 seconds
2026-04-29 13:06:22,600 - INFO - Retrieval rounds: 2
2026-04-29 13:06:22,600 - INFO - Execution traces: 3
2026-04-29 13:06:22,600 - INFO - ==================================================

2026-04-29 13:06:22,600 - INFO - 
==================================================
Processing question: What administrative territorial entity does Darley Ramon Torres's place of birth located?
==================================================
2026-04-29 13:06:22,600 - INFO - 🎯 PLAN Agent: Starting question decomposition
2026-04-29 13:06:32,139 - INFO - HTTP Request: POST http://127.0.0.1:8002/v1/chat/completions "HTTP/1.1 200 OK"
2026-04-29 13:06:32,140 - INFO - Generated plan: 2 sub-questions
2026-04-29 13:06:32,140 - INFO - 
Processing sub-question 1: Who is Darley Ramon Torres?
2026-04-29 13:06:32,211 - INFO - 🔍 Analysis-Answer Agent: Starting information analysis
2026-04-29 13:06:45,161 - INFO - HTTP Request: POST http://127.0.0.1:8002/v1/chat/completions "HTTP/1.1 200 OK"
2026-04-29 13:06:45,162 - INFO - Analysis result: status=yes
2026-04-29 13:06:45,162 - INFO - ✅ Sub-question 1 succeeded: Darley Ramon Torres (born 15 December 1989 in Pedro Leopoldo, Brazil) is a Brazilian footballer who currently plays as a goalkeeper for Botafogo-SP on loan from Tombense.
2026-04-29 13:06:45,162 - INFO - 
Processing sub-question 2: What is the administrative territorial entity of Darley Ramon Torres (born 15 December 1989 in Pedro Leopoldo, Brazil) is a Brazilian footballer who currently plays as a goalkeeper for Botafogo-SP on loan from Tombense. place of birth?
2026-04-29 13:06:45,258 - INFO - 🔍 Analysis-Answer Agent: Starting information analysis
2026-04-29 13:07:35,735 - INFO - HTTP Request: POST http://127.0.0.1:8002/v1/chat/completions "HTTP/1.1 200 OK"
2026-04-29 13:07:35,736 - INFO - Analysis result: status=yes
2026-04-29 13:07:35,736 - INFO - ✅ Sub-question 2 succeeded: Minas Gerais
2026-04-29 13:07:35,736 - INFO - 
==================================================
2026-04-29 13:07:35,736 - INFO - Final answer: Minas Gerais
2026-04-29 13:07:35,736 - INFO - Total time: 73.14 seconds
2026-04-29 13:07:35,736 - INFO - Retrieval rounds: 2
2026-04-29 13:07:35,736 - INFO - Execution traces: 3
2026-04-29 13:07:35,736 - INFO - ==================================================

2026-04-29 13:07:35,737 - INFO - 
==================================================
Processing question: Which county shares a border with the county where the most populous city in the state where Washington State Prison can be found is located?
==================================================
2026-04-29 13:07:35,737 - INFO - 🎯 PLAN Agent: Starting question decomposition
2026-04-29 13:08:26,903 - INFO - HTTP Request: POST http://127.0.0.1:8002/v1/chat/completions "HTTP/1.1 200 OK"
2026-04-29 13:08:26,905 - INFO - Generated plan: 1 sub-questions
2026-04-29 13:08:26,905 - INFO - 
Processing sub-question 1: Which county shares a border with the county where the most populous city in the state where Washington State Prison can be found is located?
2026-04-29 13:08:26,987 - INFO - 🔍 Analysis-Answer Agent: Starting information analysis
2026-04-29 13:08:56,425 - INFO - HTTP Request: POST http://127.0.0.1:8002/v1/chat/completions "HTTP/1.1 200 OK"
2026-04-29 13:08:56,427 - INFO - Analysis result: status=no
2026-04-29 13:08:56,427 - INFO - Insufficient information, attempting query rewrite (attempt 1/2)
2026-04-29 13:08:56,427 - INFO - ✏️ Rewrite Agent: Starting query rewrite
2026-04-29 13:09:08,772 - INFO - HTTP Request: POST http://127.0.0.1:8002/v1/chat/completions "HTTP/1.1 200 OK"
2026-04-29 13:09:08,773 - INFO - Rewrite strategy: Expanded keywords to include synonyms for 'most populous' (largest, biggest) and added explicit mentions of Georgia counties, bordering relationships, and specific county names to improve search precision
2026-04-29 13:09:08,844 - INFO - 🔍 Analysis-Answer Agent: Starting information analysis
2026-04-29 13:10:02,232 - INFO - HTTP Request: POST http://127.0.0.1:8002/v1/chat/completions "HTTP/1.1 200 OK"
2026-04-29 13:10:02,233 - INFO - Analysis result: status=no
2026-04-29 13:10:02,234 - INFO - Insufficient information, attempting query rewrite (attempt 2/2)
2026-04-29 13:10:02,234 - INFO - ✏️ Rewrite Agent: Starting query rewrite
2026-04-29 13:10:17,305 - INFO - HTTP Request: POST http://127.0.0.1:8002/v1/chat/completions "HTTP/1.1 200 OK"
2026-04-29 13:10:17,306 - INFO - Rewrite strategy: Expanded keywords to explicitly include geographic relationships (bordering counties), specified state (Georgia) to avoid confusion with Washington state, and included synonyms for 'most populous city' and 'county' to capture alternative phrasings
2026-04-29 13:10:17,375 - INFO - 🔍 Analysis-Answer Agent: Starting information analysis
2026-04-29 13:11:16,225 - INFO - HTTP Request: POST http://127.0.0.1:8002/v1/chat/completions "HTTP/1.1 200 OK"
2026-04-29 13:11:16,226 - INFO - Analysis result: status=no
2026-04-29 13:11:16,226 - WARNING - ❌ Sub-question 1 failed: Failed to parse response, information may be insufficient
2026-04-29 13:11:16,226 - INFO - 
==================================================
2026-04-29 13:11:16,226 - INFO - Final answer: Unable to find answer
2026-04-29 13:11:16,226 - INFO - Total time: 220.49 seconds
2026-04-29 13:11:16,226 - INFO - Retrieval rounds: 3
2026-04-29 13:11:16,226 - INFO - Execution traces: 6
2026-04-29 13:11:16,227 - INFO - ==================================================

2026-04-29 13:11:16,227 - INFO - 
==================================================
Processing question: What is the meaning of the name of the city where the Yongle emperor greeted the person to whom the edict was addressed?
==================================================
2026-04-29 13:11:16,227 - INFO - 🎯 PLAN Agent: Starting question decomposition
2026-04-29 13:12:07,465 - INFO - HTTP Request: POST http://127.0.0.1:8002/v1/chat/completions "HTTP/1.1 200 OK"
2026-04-29 13:12:07,467 - INFO - Generated plan: 1 sub-questions
2026-04-29 13:12:07,467 - INFO - 
Processing sub-question 1: What is the meaning of the name of the city where the Yongle emperor greeted the person to whom the edict was addressed?
2026-04-29 13:12:07,557 - INFO - 🔍 Analysis-Answer Agent: Starting information analysis
2026-04-29 13:12:20,603 - INFO - HTTP Request: POST http://127.0.0.1:8002/v1/chat/completions "HTTP/1.1 200 OK"
2026-04-29 13:12:20,605 - INFO - Analysis result: status=yes
2026-04-29 13:12:20,605 - INFO - ✅ Sub-question 1 succeeded: The city is Nanjing, and its name means 'southern capital.'
2026-04-29 13:12:20,605 - INFO - 
==================================================
2026-04-29 13:12:20,605 - INFO - Final answer: The city is Nanjing, and its name means 'southern capital.'
2026-04-29 13:12:20,605 - INFO - Total time: 64.38 seconds
2026-04-29 13:12:20,605 - INFO - Retrieval rounds: 1
2026-04-29 13:12:20,605 - INFO - Execution traces: 2
2026-04-29 13:12:20,605 - INFO - ==================================================

2026-04-29 13:12:20,605 - INFO - 
==================================================
Processing question: What is the direction of flow of the body of water by the city where Write This Down was formed?
==================================================
2026-04-29 13:12:20,606 - INFO - 🎯 PLAN Agent: Starting question decomposition
2026-04-29 13:12:30,606 - INFO - HTTP Request: POST http://127.0.0.1:8002/v1/chat/completions "HTTP/1.1 200 OK"
2026-04-29 13:12:30,607 - INFO - Generated plan: 3 sub-questions
2026-04-29 13:12:30,607 - INFO - 
Processing sub-question 1: What city was Write This Down formed in?
2026-04-29 13:12:30,676 - INFO - 🔍 Analysis-Answer Agent: Starting information analysis
2026-04-29 13:12:41,999 - INFO - HTTP Request: POST http://127.0.0.1:8002/v1/chat/completions "HTTP/1.1 200 OK"
2026-04-29 13:12:42,000 - INFO - Analysis result: status=yes
2026-04-29 13:12:42,000 - INFO - ✅ Sub-question 1 succeeded: Minneapolis, Minnesota
2026-04-29 13:12:42,000 - INFO - 
Processing sub-question 2: What is the name of the body of water located by Minneapolis, Minnesota?
2026-04-29 13:12:42,072 - INFO - 🔍 Analysis-Answer Agent: Starting information analysis
2026-04-29 13:12:50,626 - INFO - HTTP Request: POST http://127.0.0.1:8002/v1/chat/completions "HTTP/1.1 200 OK"
2026-04-29 13:12:50,628 - INFO - Analysis result: status=yes
2026-04-29 13:12:50,628 - INFO - ✅ Sub-question 2 succeeded: Mississippi River
2026-04-29 13:12:50,628 - INFO - 
Processing sub-question 3: What is the direction of flow of Mississippi River?
2026-04-29 13:12:50,698 - INFO - 🔍 Analysis-Answer Agent: Starting information analysis
2026-04-29 13:13:02,123 - INFO - HTTP Request: POST http://127.0.0.1:8002/v1/chat/completions "HTTP/1.1 200 OK"
2026-04-29 13:13:02,124 - INFO - Analysis result: status=yes
2026-04-29 13:13:02,124 - INFO - ✅ Sub-question 3 succeeded: The Mississippi River flows southward from its source in northern Minnesota to its mouth at the Gulf of Mexico.
2026-04-29 13:13:02,124 - INFO - 
==================================================
2026-04-29 13:13:02,124 - INFO - Final answer: The Mississippi River flows southward from its source in northern Minnesota to its mouth at the Gulf of Mexico.
2026-04-29 13:13:02,124 - INFO - Total time: 41.52 seconds
2026-04-29 13:13:02,124 - INFO - Retrieval rounds: 3
2026-04-29 13:13:02,124 - INFO - Execution traces: 4
2026-04-29 13:13:02,124 - INFO - ==================================================

2026-04-29 13:13:02,125 - INFO - 
==================================================
Processing question: How were people from whom new coins were a proclamation of independence by the Somali Muslim Ajuran Empire expelled from the natural boundary between Thailand and A Don's country?
==================================================
2026-04-29 13:13:02,125 - INFO - 🎯 PLAN Agent: Starting question decomposition
2026-04-29 13:13:53,458 - INFO - HTTP Request: POST http://127.0.0.1:8002/v1/chat/completions "HTTP/1.1 200 OK"
2026-04-29 13:13:53,460 - INFO - Generated plan: 1 sub-questions
2026-04-29 13:13:53,460 - INFO - 
Processing sub-question 1: How were people from whom new coins were a proclamation of independence by the Somali Muslim Ajuran Empire expelled from the natural boundary between Thailand and A Don's country?
2026-04-29 13:13:53,542 - INFO - 🔍 Analysis-Answer Agent: Starting information analysis
2026-04-29 13:14:09,697 - INFO - HTTP Request: POST http://127.0.0.1:8002/v1/chat/completions "HTTP/1.1 200 OK"
2026-04-29 13:14:09,699 - INFO - Analysis result: status=no
2026-04-29 13:14:09,699 - INFO - Insufficient information, attempting query rewrite (attempt 1/2)
2026-04-29 13:14:09,699 - INFO - ✏️ Rewrite Agent: Starting query rewrite
2026-04-29 13:14:25,052 - INFO - HTTP Request: POST http://127.0.0.1:8002/v1/chat/completions "HTTP/1.1 200 OK"
2026-04-29 13:14:25,053 - INFO - Rewrite strategy: Separated unrelated geographical elements, focused on documented entities (Ajuran Empire, coinage, Portuguese influence) and clarified A Don's correct location in Laos near Vietnam
2026-04-29 13:14:25,122 - INFO - 🔍 Analysis-Answer Agent: Starting information analysis
2026-04-29 13:14:48,494 - INFO - HTTP Request: POST http://127.0.0.1:8002/v1/chat/completions "HTTP/1.1 200 OK"
2026-04-29 13:14:48,495 - INFO - Analysis result: status=no
2026-04-29 13:14:48,495 - INFO - Insufficient information, attempting query rewrite (attempt 2/2)
2026-04-29 13:14:48,495 - INFO - ✏️ Rewrite Agent: Starting query rewrite
2026-04-29 13:15:02,188 - INFO - HTTP Request: POST http://127.0.0.1:8002/v1/chat/completions "HTTP/1.1 200 OK"
2026-04-29 13:15:02,189 - INFO - Rewrite strategy: Focused on core historical entities (Ajuran Empire, Portuguese influence) and concepts (economic independence, coinage) mentioned in documents while removing unrelated geographical references to Thailand and Laos
2026-04-29 13:15:02,259 - INFO - 🔍 Analysis-Answer Agent: Starting information analysis
2026-04-29 13:15:21,917 - INFO - HTTP Request: POST http://127.0.0.1:8002/v1/chat/completions "HTTP/1.1 200 OK"
2026-04-29 13:15:21,918 - INFO - Analysis result: status=no
2026-04-29 13:15:21,918 - WARNING - ❌ Sub-question 1 failed: The documents mention the Somali Muslim Ajuran Empire's use of new coinage to proclaim economic independence from Portuguese influence (chunk_1), but there is no information connecting this to Thailand or any entity referred to as 'A Don's country.' The term 'A Don's country' is not present in any retrieved text, and no details about expulsions from a boundary involving Thailand are provided. The question contains unverified or non-existent geographical references not supported by the documents.
2026-04-29 13:15:21,918 - INFO - 
==================================================
2026-04-29 13:15:21,918 - INFO - Final answer: Unable to find answer
2026-04-29 13:15:21,918 - INFO - Total time: 139.79 seconds
2026-04-29 13:15:21,918 - INFO - Retrieval rounds: 3
2026-04-29 13:15:21,918 - INFO - Execution traces: 6
2026-04-29 13:15:21,918 - INFO - ==================================================

2026-04-29 13:15:21,919 - INFO - 
==================================================
Processing question: Who is the father of Empress Wang's husband?
==================================================
2026-04-29 13:15:21,919 - INFO - 🎯 PLAN Agent: Starting question decomposition
2026-04-29 13:15:33,029 - INFO - HTTP Request: POST http://127.0.0.1:8002/v1/chat/completions "HTTP/1.1 200 OK"
2026-04-29 13:15:33,030 - INFO - Generated plan: 2 sub-questions
2026-04-29 13:15:33,030 - INFO - 
Processing sub-question 1: Who is Empress Wang's husband?
2026-04-29 13:15:33,102 - INFO - 🔍 Analysis-Answer Agent: Starting information analysis
2026-04-29 13:15:48,219 - INFO - HTTP Request: POST http://127.0.0.1:8002/v1/chat/completions "HTTP/1.1 200 OK"
2026-04-29 13:15:48,220 - INFO - Analysis result: status=yes
2026-04-29 13:15:48,220 - INFO - ✅ Sub-question 1 succeeded: Yang Pu (emperor Rui)
2026-04-29 13:15:48,220 - INFO - 
Processing sub-question 2: Who is the father of Yang Pu (emperor Rui)?
2026-04-29 13:15:48,297 - INFO - 🔍 Analysis-Answer Agent: Starting information analysis
2026-04-29 13:16:03,619 - INFO - HTTP Request: POST http://127.0.0.1:8002/v1/chat/completions "HTTP/1.1 200 OK"
2026-04-29 13:16:03,620 - INFO - Analysis result: status=yes
2026-04-29 13:16:03,620 - INFO - ✅ Sub-question 2 succeeded: Yang Xingmi
2026-04-29 13:16:03,620 - INFO - 
==================================================
2026-04-29 13:16:03,620 - INFO - Final answer: Yang Xingmi
2026-04-29 13:16:03,620 - INFO - Total time: 41.70 seconds
2026-04-29 13:16:03,620 - INFO - Retrieval rounds: 2
2026-04-29 13:16:03,620 - INFO - Execution traces: 3
2026-04-29 13:16:03,620 - INFO - ==================================================

2026-04-29 13:16:03,620 - INFO - 
==================================================
Processing question: When did the country with a co-official language used in the film titled after the city that is the final resting place of Tito first attend the Olympics games?
==================================================
2026-04-29 13:16:03,621 - INFO - 🎯 PLAN Agent: Starting question decomposition
2026-04-29 13:16:55,001 - INFO - HTTP Request: POST http://127.0.0.1:8002/v1/chat/completions "HTTP/1.1 200 OK"
2026-04-29 13:16:55,002 - INFO - Generated plan: 1 sub-questions
2026-04-29 13:16:55,002 - INFO - 
Processing sub-question 1: When did the country with a co-official language used in the film titled after the city that is the final resting place of Tito first attend the Olympics games?
2026-04-29 13:16:55,085 - INFO - 🔍 Analysis-Answer Agent: Starting information analysis
2026-04-29 13:17:46,365 - INFO - HTTP Request: POST http://127.0.0.1:8002/v1/chat/completions "HTTP/1.1 200 OK"
2026-04-29 13:17:46,366 - INFO - Analysis result: status=yes
2026-04-29 13:17:46,366 - INFO - ✅ Sub-question 1 succeeded: 2016
2026-04-29 13:17:46,366 - INFO - 
==================================================
2026-04-29 13:17:46,366 - INFO - Final answer: 2016
2026-04-29 13:17:46,366 - INFO - Total time: 102.75 seconds
2026-04-29 13:17:46,367 - INFO - Retrieval rounds: 1
2026-04-29 13:17:46,367 - INFO - Execution traces: 2
2026-04-29 13:17:46,367 - INFO - ==================================================

2026-04-29 13:17:46,367 - INFO - 
==================================================
Processing question: Who is the spouse of the actress who played the fairy god mother in Shrek 2?
==================================================
2026-04-29 13:17:46,367 - INFO - 🎯 PLAN Agent: Starting question decomposition
2026-04-29 13:17:53,957 - INFO - HTTP Request: POST http://127.0.0.1:8002/v1/chat/completions "HTTP/1.1 200 OK"
2026-04-29 13:17:53,958 - INFO - Generated plan: 2 sub-questions
2026-04-29 13:17:53,958 - INFO - 
Processing sub-question 1: Who played the fairy godmother in Shrek 2?
2026-04-29 13:17:54,038 - INFO - 🔍 Analysis-Answer Agent: Starting information analysis
2026-04-29 13:18:02,648 - INFO - HTTP Request: POST http://127.0.0.1:8002/v1/chat/completions "HTTP/1.1 200 OK"
2026-04-29 13:18:02,649 - INFO - Analysis result: status=yes
2026-04-29 13:18:02,649 - INFO - ✅ Sub-question 1 succeeded: Jennifer Saunders
2026-04-29 13:18:02,649 - INFO - 
Processing sub-question 2: Who is the spouse of Jennifer Saunders?
2026-04-29 13:18:02,719 - INFO - 🔍 Analysis-Answer Agent: Starting information analysis
2026-04-29 13:18:16,913 - INFO - HTTP Request: POST http://127.0.0.1:8002/v1/chat/completions "HTTP/1.1 200 OK"
2026-04-29 13:18:16,914 - INFO - Analysis result: status=no
2026-04-29 13:18:16,914 - INFO - Insufficient information, attempting query rewrite (attempt 1/2)
2026-04-29 13:18:16,915 - INFO - ✏️ Rewrite Agent: Starting query rewrite
2026-04-29 13:18:32,508 - INFO - HTTP Request: POST http://127.0.0.1:8002/v1/chat/completions "HTTP/1.1 200 OK"
2026-04-29 13:18:32,509 - INFO - Rewrite strategy: Expanded keywords to include synonyms for 'spouse' (partner, husband, wife) and related concepts (marital status, personal life, biography) to capture information about her personal relationships
2026-04-29 13:18:32,594 - INFO - 🔍 Analysis-Answer Agent: Starting information analysis
2026-04-29 13:18:45,480 - INFO - HTTP Request: POST http://127.0.0.1:8002/v1/chat/completions "HTTP/1.1 200 OK"
2026-04-29 13:18:45,482 - INFO - Analysis result: status=no
2026-04-29 13:18:45,482 - INFO - Insufficient information, attempting query rewrite (attempt 2/2)
2026-04-29 13:18:45,482 - INFO - ✏️ Rewrite Agent: Starting query rewrite
2026-04-29 13:18:57,181 - INFO - HTTP Request: POST http://127.0.0.1:8002/v1/chat/completions "HTTP/1.1 200 OK"
2026-04-29 13:18:57,182 - INFO - Rewrite strategy: Expanded keywords to include synonyms for 'spouse' (partner, husband, wife) and related phrases ('married to', 'marital status') to capture alternative phrasings that might appear in documents
2026-04-29 13:18:57,251 - INFO - 🔍 Analysis-Answer Agent: Starting information analysis
2026-04-29 13:19:11,206 - INFO - HTTP Request: POST http://127.0.0.1:8002/v1/chat/completions "HTTP/1.1 200 OK"
2026-04-29 13:19:11,207 - INFO - Analysis result: status=no
2026-04-29 13:19:11,207 - WARNING - ❌ Sub-question 2 failed: The retrieved documents do not contain any information about Jennifer Saunders' spouse. While the documents mention Jennifer Saunders in the context of her work (e.g., recording songs for Shrek 2), they do not provide details about her personal life or marital status. Other mentions of spouses in the documents refer to entirely different individuals (e.g., George Wickham, George Stephanopoulos, etc.), which are unrelated to Jennifer Saunders.
2026-04-29 13:19:11,207 - INFO - 
==================================================
2026-04-29 13:19:11,207 - INFO - Final answer: Jennifer Saunders
2026-04-29 13:19:11,207 - INFO - Total time: 84.84 seconds
2026-04-29 13:19:11,207 - INFO - Retrieval rounds: 4
2026-04-29 13:19:11,207 - INFO - Execution traces: 7
2026-04-29 13:19:11,208 - INFO - ==================================================

2026-04-29 13:19:11,208 - INFO - 
==================================================
Processing question: When was the last time Darren Carter's team beat the 1894-95 FA Cup winner?
==================================================
2026-04-29 13:19:11,208 - INFO - 🎯 PLAN Agent: Starting question decomposition
2026-04-29 13:20:02,440 - INFO - HTTP Request: POST http://127.0.0.1:8002/v1/chat/completions "HTTP/1.1 200 OK"
2026-04-29 13:20:02,442 - INFO - Generated plan: 1 sub-questions
2026-04-29 13:20:02,442 - INFO - 
Processing sub-question 1: When was the last time Darren Carter's team beat the 1894-95 FA Cup winner?
2026-04-29 13:20:02,510 - INFO - 🔍 Analysis-Answer Agent: Starting information analysis
2026-04-29 13:20:45,482 - INFO - HTTP Request: POST http://127.0.0.1:8002/v1/chat/completions "HTTP/1.1 200 OK"
2026-04-29 13:20:45,483 - INFO - Analysis result: status=no
2026-04-29 13:20:45,483 - INFO - Insufficient information, attempting query rewrite (attempt 1/2)
2026-04-29 13:20:45,483 - INFO - ✏️ Rewrite Agent: Starting query rewrite
2026-04-29 13:21:08,991 - INFO - HTTP Request: POST http://127.0.0.1:8002/v1/chat/completions "HTTP/1.1 200 OK"
2026-04-29 13:21:08,993 - INFO - Rewrite strategy: Expanded keywords to include specific teams Darren Carter played for, explicitly named the 1894-95 FA Cup winner (Nottingham Forest), and added 'historical match records' to target relevant data. Included synonyms like 'opponent' and 'clash' implicitly through context.
2026-04-29 13:21:09,082 - INFO - 🔍 Analysis-Answer Agent: Starting information analysis
2026-04-29 13:21:52,265 - INFO - HTTP Request: POST http://127.0.0.1:8002/v1/chat/completions "HTTP/1.1 200 OK"
2026-04-29 13:21:52,267 - INFO - Analysis result: status=no
2026-04-29 13:21:52,267 - INFO - Insufficient information, attempting query rewrite (attempt 2/2)
2026-04-29 13:21:52,267 - INFO - ✏️ Rewrite Agent: Starting query rewrite
2026-04-29 13:22:12,825 - INFO - HTTP Request: POST http://127.0.0.1:8002/v1/chat/completions "HTTP/1.1 200 OK"
2026-04-29 13:22:12,826 - INFO - Rewrite strategy: Expanded keywords to include synonyms for 'beat' (defeat, defeated) and alternative phrasings for the FA Cup winner (FA Cup champions). Explicitly mentioned 'football matches' to clarify the sport and added temporal context 'post-1894' to focus on relevant timeframes.
2026-04-29 13:22:12,901 - INFO - 🔍 Analysis-Answer Agent: Starting information analysis
2026-04-29 13:22:40,233 - INFO - HTTP Request: POST http://127.0.0.1:8002/v1/chat/completions "HTTP/1.1 200 OK"
2026-04-29 13:22:40,235 - INFO - Analysis result: status=no
2026-04-29 13:22:40,235 - WARNING - ❌ Sub-question 1 failed: The documents mention Darren Carter's career clubs (e.g., West Bromwich Albion, Birmingham City) and the 1894-95 FA Cup winner (West Bromwich Albion). However, there is no information about matches between Darren Carter's teams and West Bromwich Albion after the 1894-95 season. The documents do not specify any instances where his team defeated the 1894-95 FA Cup winner, making it impossible to determine the answer from the provided data.
2026-04-29 13:22:40,235 - INFO - 
==================================================
2026-04-29 13:22:40,235 - INFO - Final answer: Unable to find answer
2026-04-29 13:22:40,235 - INFO - Total time: 209.03 seconds
2026-04-29 13:22:40,235 - INFO - Retrieval rounds: 3
2026-04-29 13:22:40,235 - INFO - Execution traces: 6
2026-04-29 13:22:40,235 - INFO - ==================================================

2026-04-29 13:22:40,235 - INFO - 
==================================================
Processing question: What is the name of the famous bridge in the city where the composer of La Silvia was born?
==================================================
2026-04-29 13:22:40,235 - INFO - 🎯 PLAN Agent: Starting question decomposition
2026-04-29 13:23:31,252 - INFO - HTTP Request: POST http://127.0.0.1:8002/v1/chat/completions "HTTP/1.1 200 OK"
2026-04-29 13:23:31,253 - INFO - Generated plan: 1 sub-questions
2026-04-29 13:23:31,253 - INFO - 
Processing sub-question 1: What is the name of the famous bridge in the city where the composer of La Silvia was born?
2026-04-29 13:23:31,332 - INFO - 🔍 Analysis-Answer Agent: Starting information analysis
2026-04-29 13:23:44,682 - INFO - HTTP Request: POST http://127.0.0.1:8002/v1/chat/completions "HTTP/1.1 200 OK"
2026-04-29 13:23:44,683 - INFO - Analysis result: status=yes
2026-04-29 13:23:44,683 - INFO - ✅ Sub-question 1 succeeded: Bridge of Sighs
2026-04-29 13:23:44,684 - INFO - 
==================================================
2026-04-29 13:23:44,684 - INFO - Final answer: Bridge of Sighs
2026-04-29 13:23:44,684 - INFO - Total time: 64.45 seconds
2026-04-29 13:23:44,684 - INFO - Retrieval rounds: 1
2026-04-29 13:23:44,684 - INFO - Execution traces: 2
2026-04-29 13:23:44,684 - INFO - ==================================================

2026-04-29 13:23:44,684 - INFO - 
==================================================
Processing question: Who is the spouse of the actor that plays Jarvis in the Avengers Age of Ultron?
==================================================
2026-04-29 13:23:44,684 - INFO - 🎯 PLAN Agent: Starting question decomposition
2026-04-29 13:23:56,447 - INFO - HTTP Request: POST http://127.0.0.1:8002/v1/chat/completions "HTTP/1.1 200 OK"
2026-04-29 13:23:56,448 - INFO - Generated plan: 2 sub-questions
2026-04-29 13:23:56,448 - INFO - 
Processing sub-question 1: Who plays Jarvis in Avengers: Age of Ultron?
2026-04-29 13:23:56,523 - INFO - 🔍 Analysis-Answer Agent: Starting information analysis
2026-04-29 13:24:07,840 - INFO - HTTP Request: POST http://127.0.0.1:8002/v1/chat/completions "HTTP/1.1 200 OK"
2026-04-29 13:24:07,841 - INFO - Analysis result: status=yes
2026-04-29 13:24:07,841 - INFO - ✅ Sub-question 1 succeeded: Paul Bettany
2026-04-29 13:24:07,841 - INFO - 
Processing sub-question 2: Who is the spouse of Paul Bettany?
2026-04-29 13:24:07,913 - INFO - 🔍 Analysis-Answer Agent: Starting information analysis
2026-04-29 13:24:24,530 - INFO - HTTP Request: POST http://127.0.0.1:8002/v1/chat/completions "HTTP/1.1 200 OK"
2026-04-29 13:24:24,531 - INFO - Analysis result: status=no
2026-04-29 13:24:24,531 - INFO - Insufficient information, attempting query rewrite (attempt 1/2)
2026-04-29 13:24:24,531 - INFO - ✏️ Rewrite Agent: Starting query rewrite
2026-04-29 13:24:37,681 - INFO - HTTP Request: POST http://127.0.0.1:8002/v1/chat/completions "HTTP/1.1 200 OK"
2026-04-29 13:24:37,682 - INFO - Rewrite strategy: Expanded keywords to include synonyms for 'spouse' (wife, husband, partner) and related concepts (marital status, personal life, family, biographical info) to capture alternative phrasings and contextual clues about his personal relationships.
2026-04-29 13:24:37,756 - INFO - 🔍 Analysis-Answer Agent: Starting information analysis
2026-04-29 13:24:51,211 - INFO - HTTP Request: POST http://127.0.0.1:8002/v1/chat/completions "HTTP/1.1 200 OK"
2026-04-29 13:24:51,213 - INFO - Analysis result: status=no
2026-04-29 13:24:51,213 - INFO - Insufficient information, attempting query rewrite (attempt 2/2)
2026-04-29 13:24:51,213 - INFO - ✏️ Rewrite Agent: Starting query rewrite
2026-04-29 13:25:02,476 - INFO - HTTP Request: POST http://127.0.0.1:8002/v1/chat/completions "HTTP/1.1 200 OK"
2026-04-29 13:25:02,478 - INFO - Rewrite strategy: Expanded keywords to include synonyms for 'spouse' (wife, husband, partner) and related concepts (marital status, personal life, biography). Added 'celebrity relationships' to target broader entertainment industry context.
2026-04-29 13:25:02,544 - INFO - 🔍 Analysis-Answer Agent: Starting information analysis
2026-04-29 13:25:14,456 - INFO - HTTP Request: POST http://127.0.0.1:8002/v1/chat/completions "HTTP/1.1 200 OK"
2026-04-29 13:25:14,457 - INFO - Analysis result: status=no
2026-04-29 13:25:14,457 - WARNING - ❌ Sub-question 2 failed: The retrieved documents mention Paul Bettany's career and roles in films and television, but none of the provided texts disclose information about his spouse or personal relationships. While some chunks discuss spouses of other individuals (e.g., Jerry O'Connell, Angela Martin), there is no data regarding Paul Bettany's marital status or spouse.
2026-04-29 13:25:14,457 - INFO - 
==================================================
2026-04-29 13:25:14,457 - INFO - Final answer: Paul Bettany
2026-04-29 13:25:14,457 - INFO - Total time: 89.77 seconds
2026-04-29 13:25:14,457 - INFO - Retrieval rounds: 4
2026-04-29 13:25:14,457 - INFO - Execution traces: 7
2026-04-29 13:25:14,458 - INFO - ==================================================

2026-04-29 13:25:14,458 - INFO - 
==================================================
Processing question: What is the location of formation of the film company distributing The Boss?
==================================================
2026-04-29 13:25:14,458 - INFO - 🎯 PLAN Agent: Starting question decomposition
2026-04-29 13:25:25,356 - INFO - HTTP Request: POST http://127.0.0.1:8002/v1/chat/completions "HTTP/1.1 200 OK"
2026-04-29 13:25:25,357 - INFO - Generated plan: 2 sub-questions
2026-04-29 13:25:25,357 - INFO - 
Processing sub-question 1: Who is the film company distributing The Boss?
2026-04-29 13:25:25,425 - INFO - 🔍 Analysis-Answer Agent: Starting information analysis
2026-04-29 13:25:46,348 - INFO - HTTP Request: POST http://127.0.0.1:8002/v1/chat/completions "HTTP/1.1 200 OK"
2026-04-29 13:25:46,349 - INFO - Analysis result: status=yes
2026-04-29 13:25:46,349 - INFO - ✅ Sub-question 1 succeeded: World Film Company
2026-04-29 13:25:46,349 - INFO - 
Processing sub-question 2: What is the location of formation of World Film Company?
2026-04-29 13:25:46,423 - INFO - 🔍 Analysis-Answer Agent: Starting information analysis
2026-04-29 13:25:56,260 - INFO - HTTP Request: POST http://127.0.0.1:8002/v1/chat/completions "HTTP/1.1 200 OK"
2026-04-29 13:25:56,261 - INFO - Analysis result: status=yes
2026-04-29 13:25:56,261 - INFO - ✅ Sub-question 2 succeeded: Fort Lee, New Jersey
2026-04-29 13:25:56,261 - INFO - 
==================================================
2026-04-29 13:25:56,261 - INFO - Final answer: Fort Lee, New Jersey
2026-04-29 13:25:56,261 - INFO - Total time: 41.80 seconds
2026-04-29 13:25:56,261 - INFO - Retrieval rounds: 2
2026-04-29 13:25:56,262 - INFO - Execution traces: 3
2026-04-29 13:25:56,262 - INFO - ==================================================

2026-04-29 13:25:56,262 - INFO - 
==================================================
Processing question: How long are the city council terms in the second largest city in the state where Yuma is located?
==================================================
2026-04-29 13:25:56,262 - INFO - 🎯 PLAN Agent: Starting question decomposition
2026-04-29 13:26:46,038 - INFO - HTTP Request: POST http://127.0.0.1:8002/v1/chat/completions "HTTP/1.1 200 OK"
2026-04-29 13:26:46,039 - INFO - Generated plan: 3 sub-questions
2026-04-29 13:26:46,039 - INFO - 
Processing sub-question 1: What state is Yuma located in?
2026-04-29 13:26:46,109 - INFO - 🔍 Analysis-Answer Agent: Starting information analysis
2026-04-29 13:27:25,383 - INFO - HTTP Request: POST http://127.0.0.1:8002/v1/chat/completions "HTTP/1.1 200 OK"
2026-04-29 13:27:25,384 - INFO - Analysis result: status=yes
2026-04-29 13:27:25,384 - INFO - ✅ Sub-question 1 succeeded: Arizona
2026-04-29 13:27:25,384 - INFO - 
Processing sub-question 2: What is the second largest city in Arizona?
2026-04-29 13:27:25,448 - INFO - 🔍 Analysis-Answer Agent: Starting information analysis
2026-04-29 13:27:35,054 - INFO - HTTP Request: POST http://127.0.0.1:8002/v1/chat/completions "HTTP/1.1 200 OK"
2026-04-29 13:27:35,056 - INFO - Analysis result: status=yes
2026-04-29 13:27:35,056 - INFO - ✅ Sub-question 2 succeeded: Tucson
2026-04-29 13:27:35,056 - INFO - 
Processing sub-question 3: What is the length of city council terms in Tucson?
2026-04-29 13:27:35,130 - INFO - 🔍 Analysis-Answer Agent: Starting information analysis
2026-04-29 13:28:20,399 - INFO - HTTP Request: POST http://127.0.0.1:8002/v1/chat/completions "HTTP/1.1 200 OK"
2026-04-29 13:28:20,400 - INFO - Analysis result: status=no
2026-04-29 13:28:20,400 - INFO - Insufficient information, attempting query rewrite (attempt 1/2)
2026-04-29 13:28:20,400 - INFO - ✏️ Rewrite Agent: Starting query rewrite
2026-04-29 13:28:29,797 - INFO - HTTP Request: POST http://127.0.0.1:8002/v1/chat/completions "HTTP/1.1 200 OK"
2026-04-29 13:28:29,799 - INFO - Rewrite strategy: Expanded keywords to include specific Tucson references, synonyms for 'term length' (duration, limits, election cycle), and related concepts (government structure, official websites). Added location context (Arizona) to improve specificity.
2026-04-29 13:28:29,875 - INFO - 🔍 Analysis-Answer Agent: Starting information analysis
2026-04-29 13:28:42,035 - INFO - HTTP Request: POST http://127.0.0.1:8002/v1/chat/completions "HTTP/1.1 200 OK"
2026-04-29 13:28:42,036 - INFO - Analysis result: status=yes
2026-04-29 13:28:42,036 - INFO - ✅ Sub-question 3 succeeded: Four-year terms
2026-04-29 13:28:42,036 - INFO - 
==================================================
2026-04-29 13:28:42,036 - INFO - Final answer: Four-year terms
2026-04-29 13:28:42,036 - INFO - Total time: 165.77 seconds
2026-04-29 13:28:42,036 - INFO - Retrieval rounds: 4
2026-04-29 13:28:42,036 - INFO - Execution traces: 6
2026-04-29 13:28:42,036 - INFO - ==================================================

2026-04-29 13:28:42,037 - INFO - 
==================================================
Processing question: Who is the child of the president under whom prohibition occurred?
==================================================
2026-04-29 13:28:42,037 - INFO - 🎯 PLAN Agent: Starting question decomposition
2026-04-29 13:29:08,031 - INFO - HTTP Request: POST http://127.0.0.1:8002/v1/chat/completions "HTTP/1.1 200 OK"
2026-04-29 13:29:08,032 - INFO - Generated plan: 2 sub-questions
2026-04-29 13:29:08,032 - INFO - 
Processing sub-question 1: Who was the president under whom prohibition occurred?
2026-04-29 13:29:08,104 - INFO - 🔍 Analysis-Answer Agent: Starting information analysis
2026-04-29 13:29:34,068 - INFO - HTTP Request: POST http://127.0.0.1:8002/v1/chat/completions "HTTP/1.1 200 OK"
2026-04-29 13:29:34,070 - INFO - Analysis result: status=yes
2026-04-29 13:29:34,070 - INFO - ✅ Sub-question 1 succeeded: Woodrow Wilson
2026-04-29 13:29:34,070 - INFO - 
Processing sub-question 2: Who is the child of Woodrow Wilson?
2026-04-29 13:29:34,142 - INFO - 🔍 Analysis-Answer Agent: Starting information analysis
2026-04-29 13:29:54,919 - INFO - HTTP Request: POST http://127.0.0.1:8002/v1/chat/completions "HTTP/1.1 200 OK"
2026-04-29 13:29:54,920 - INFO - Analysis result: status=yes
2026-04-29 13:29:54,921 - INFO - ✅ Sub-question 2 succeeded: Jessie Woodrow Wilson Sayre
2026-04-29 13:29:54,921 - INFO - 
==================================================
2026-04-29 13:29:54,921 - INFO - Final answer: Jessie Woodrow Wilson Sayre
2026-04-29 13:29:54,921 - INFO - Total time: 72.88 seconds
2026-04-29 13:29:54,921 - INFO - Retrieval rounds: 2
2026-04-29 13:29:54,921 - INFO - Execution traces: 3
2026-04-29 13:29:54,921 - INFO - ==================================================

2026-04-29 13:29:54,921 - INFO - 
==================================================
Processing question: What administrative territorial entity contains the place where KPRM is licensed to broadcast to?
==================================================
2026-04-29 13:29:54,921 - INFO - 🎯 PLAN Agent: Starting question decomposition
2026-04-29 13:30:05,824 - INFO - HTTP Request: POST http://127.0.0.1:8002/v1/chat/completions "HTTP/1.1 200 OK"
2026-04-29 13:30:05,825 - INFO - Generated plan: 2 sub-questions
2026-04-29 13:30:05,825 - INFO - 
Processing sub-question 1: What is the broadcast area of KPRM?
2026-04-29 13:30:05,893 - INFO - 🔍 Analysis-Answer Agent: Starting information analysis
2026-04-29 13:30:16,924 - INFO - HTTP Request: POST http://127.0.0.1:8002/v1/chat/completions "HTTP/1.1 200 OK"
2026-04-29 13:30:16,925 - INFO - Analysis result: status=no
2026-04-29 13:30:16,925 - INFO - Insufficient information, attempting query rewrite (attempt 1/2)
2026-04-29 13:30:16,926 - INFO - ✏️ Rewrite Agent: Starting query rewrite
2026-04-29 13:30:28,669 - INFO - HTTP Request: POST http://127.0.0.1:8002/v1/chat/completions "HTTP/1.1 200 OK"
2026-04-29 13:30:28,670 - INFO - Rewrite strategy: Expanded keywords to include synonyms and related concepts for 'broadcast area' while retaining key entity 'KPRM'. Added terms like coverage radius, service area, and geographic reach to capture alternative phrasings of transmission range.
2026-04-29 13:30:28,742 - INFO - 🔍 Analysis-Answer Agent: Starting information analysis
2026-04-29 13:31:01,009 - INFO - HTTP Request: POST http://127.0.0.1:8002/v1/chat/completions "HTTP/1.1 200 OK"
2026-04-29 13:31:01,010 - INFO - Analysis result: status=yes
2026-04-29 13:31:01,010 - INFO - ✅ Sub-question 1 succeeded: The broadcast area of KPRM (870 AM) is Park Rapids, Minnesota, and the surrounding regions. It is a radio station licensed to serve Park Rapids, Minnesota, with a hybrid classic country/conservative talk radio format. The station broadcasts locally and is simulcasted on KDKK and KAKK, extending its coverage to nearby areas.
2026-04-29 13:31:01,010 - INFO - 
Processing sub-question 2: What administrative territorial entity contains The broadcast area of KPRM (870 AM) is Park Rapids, Minnesota, and the surrounding regions. It is a radio station licensed to serve Park Rapids, Minnesota, with a hybrid classic country/conservative talk radio format. The station broadcasts locally and is simulcasted on KDKK and KAKK, extending its coverage to nearby areas.?
2026-04-29 13:31:01,114 - INFO - 🔍 Analysis-Answer Agent: Starting information analysis
2026-04-29 13:31:25,862 - INFO - HTTP Request: POST http://127.0.0.1:8002/v1/chat/completions "HTTP/1.1 200 OK"
2026-04-29 13:31:25,863 - INFO - Analysis result: status=yes
2026-04-29 13:31:25,863 - INFO - ✅ Sub-question 2 succeeded: Hubbard County, Minnesota
2026-04-29 13:31:25,863 - INFO - 
==================================================
2026-04-29 13:31:25,863 - INFO - Final answer: Hubbard County, Minnesota
2026-04-29 13:31:25,863 - INFO - Total time: 90.94 seconds
2026-04-29 13:31:25,863 - INFO - Retrieval rounds: 3
2026-04-29 13:31:25,863 - INFO - Execution traces: 5
2026-04-29 13:31:25,863 - INFO - ==================================================

2026-04-29 13:31:25,864 - INFO - 
==================================================
Processing question: Who played the girlfriend of who plays marty mcfly's daughter in back to the future 2?
==================================================
2026-04-29 13:31:25,864 - INFO - 🎯 PLAN Agent: Starting question decomposition
2026-04-29 13:32:17,158 - INFO - HTTP Request: POST http://127.0.0.1:8002/v1/chat/completions "HTTP/1.1 200 OK"
2026-04-29 13:32:17,159 - INFO - Generated plan: 1 sub-questions
2026-04-29 13:32:17,159 - INFO - 
Processing sub-question 1: Who played the girlfriend of who plays marty mcfly's daughter in back to the future 2?
2026-04-29 13:32:17,240 - INFO - 🔍 Analysis-Answer Agent: Starting information analysis
2026-04-29 13:33:15,852 - INFO - HTTP Request: POST http://127.0.0.1:8002/v1/chat/completions "HTTP/1.1 200 OK"
2026-04-29 13:33:15,853 - INFO - Analysis result: status=no
2026-04-29 13:33:15,853 - INFO - Insufficient information, attempting query rewrite (attempt 1/2)
2026-04-29 13:33:15,853 - INFO - ✏️ Rewrite Agent: Starting query rewrite
2026-04-29 13:33:38,109 - INFO - HTTP Request: POST http://127.0.0.1:8002/v1/chat/completions "HTTP/1.1 200 OK"
2026-04-29 13:33:38,110 - INFO - Rewrite strategy: Simplified nested structure by focusing on direct character relationships and specifying the movie title for clarity
2026-04-29 13:33:38,184 - INFO - 🔍 Analysis-Answer Agent: Starting information analysis
2026-04-29 13:34:34,873 - INFO - HTTP Request: POST http://127.0.0.1:8002/v1/chat/completions "HTTP/1.1 200 OK"
2026-04-29 13:34:34,875 - INFO - Analysis result: status=no
2026-04-29 13:34:34,875 - INFO - Insufficient information, attempting query rewrite (attempt 2/2)
2026-04-29 13:34:34,875 - INFO - ✏️ Rewrite Agent: Starting query rewrite
2026-04-29 13:34:52,045 - INFO - HTTP Request: POST http://127.0.0.1:8002/v1/chat/completions "HTTP/1.1 200 OK"
2026-04-29 13:34:52,046 - INFO - Rewrite strategy: Expanded keywords to include synonyms for 'girlfriend' (e.g., 'romantic interest') and clarified the relationship context to focus on Marlene's character and the specific movie title.
2026-04-29 13:34:52,118 - INFO - 🔍 Analysis-Answer Agent: Starting information analysis
2026-04-29 13:35:50,815 - INFO - HTTP Request: POST http://127.0.0.1:8002/v1/chat/completions "HTTP/1.1 200 OK"
2026-04-29 13:35:50,816 - INFO - Analysis result: status=no
2026-04-29 13:35:50,817 - WARNING - ❌ Sub-question 1 failed: Failed to parse response, information may be insufficient
2026-04-29 13:35:50,817 - INFO - 
==================================================
2026-04-29 13:35:50,817 - INFO - Final answer: Unable to find answer
2026-04-29 13:35:50,817 - INFO - Total time: 264.95 seconds
2026-04-29 13:35:50,817 - INFO - Retrieval rounds: 3
2026-04-29 13:35:50,817 - INFO - Execution traces: 6
2026-04-29 13:35:50,817 - INFO - ==================================================

2026-04-29 13:35:50,817 - INFO - 
==================================================
Processing question: When was the death penalty abolished in the country near the country where the writer of The Book Thief is a citizen of?
==================================================
2026-04-29 13:35:50,817 - INFO - 🎯 PLAN Agent: Starting question decomposition
2026-04-29 13:36:42,103 - INFO - HTTP Request: POST http://127.0.0.1:8002/v1/chat/completions "HTTP/1.1 200 OK"
2026-04-29 13:36:42,104 - INFO - Generated plan: 1 sub-questions
2026-04-29 13:36:42,104 - INFO - 
Processing sub-question 1: When was the death penalty abolished in the country near the country where the writer of The Book Thief is a citizen of?
2026-04-29 13:36:42,190 - INFO - 🔍 Analysis-Answer Agent: Starting information analysis
2026-04-29 13:37:41,079 - INFO - HTTP Request: POST http://127.0.0.1:8002/v1/chat/completions "HTTP/1.1 200 OK"
2026-04-29 13:37:41,081 - INFO - Analysis result: status=no
2026-04-29 13:37:41,081 - INFO - Insufficient information, attempting query rewrite (attempt 1/2)
2026-04-29 13:37:41,081 - INFO - ✏️ Rewrite Agent: Starting query rewrite
2026-04-29 13:38:06,880 - INFO - HTTP Request: POST http://127.0.0.1:8002/v1/chat/completions "HTTP/1.1 200 OK"
2026-04-29 13:38:06,882 - INFO - Rewrite strategy: default expansion
2026-04-29 13:38:06,967 - INFO - 🔍 Analysis-Answer Agent: Starting information analysis
2026-04-29 13:38:34,115 - INFO - HTTP Request: POST http://127.0.0.1:8002/v1/chat/completions "HTTP/1.1 200 OK"
2026-04-29 13:38:34,116 - INFO - Analysis result: status=yes
2026-04-29 13:38:34,116 - INFO - ✅ Sub-question 1 succeeded: 1989
2026-04-29 13:38:34,116 - INFO - 
==================================================
2026-04-29 13:38:34,116 - INFO - Final answer: 1989
2026-04-29 13:38:34,116 - INFO - Total time: 163.30 seconds
2026-04-29 13:38:34,116 - INFO - Retrieval rounds: 2
2026-04-29 13:38:34,116 - INFO - Execution traces: 4
2026-04-29 13:38:34,116 - INFO - ==================================================

2026-04-29 13:38:34,117 - INFO - 
==================================================
Processing question: What is the tallest building in the state where KZAR is located?
==================================================
2026-04-29 13:38:34,117 - INFO - 🎯 PLAN Agent: Starting question decomposition
2026-04-29 13:38:46,676 - INFO - HTTP Request: POST http://127.0.0.1:8002/v1/chat/completions "HTTP/1.1 200 OK"
2026-04-29 13:38:46,678 - INFO - Generated plan: 2 sub-questions
2026-04-29 13:38:46,678 - INFO - 
Processing sub-question 1: What state is KZAR located in?
2026-04-29 13:38:46,744 - INFO - 🔍 Analysis-Answer Agent: Starting information analysis
2026-04-29 13:39:08,853 - INFO - HTTP Request: POST http://127.0.0.1:8002/v1/chat/completions "HTTP/1.1 200 OK"
2026-04-29 13:39:08,855 - INFO - Analysis result: status=no
2026-04-29 13:39:08,855 - INFO - Insufficient information, attempting query rewrite (attempt 1/2)
2026-04-29 13:39:08,855 - INFO - ✏️ Rewrite Agent: Starting query rewrite
2026-04-29 13:39:27,736 - INFO - HTTP Request: POST http://127.0.0.1:8002/v1/chat/completions "HTTP/1.1 200 OK"
2026-04-29 13:39:27,737 - INFO - Rewrite strategy: Expanded keywords to include synonyms for 'state' (province, region, country) and related terms (location, coordinates, geography, map) to capture alternative phrasings and broader context.
2026-04-29 13:39:27,811 - INFO - 🔍 Analysis-Answer Agent: Starting information analysis
2026-04-29 13:39:43,577 - INFO - HTTP Request: POST http://127.0.0.1:8002/v1/chat/completions "HTTP/1.1 200 OK"
2026-04-29 13:39:43,578 - INFO - Analysis result: status=yes
2026-04-29 13:39:43,578 - INFO - ✅ Sub-question 1 succeeded: Kuwait
2026-04-29 13:39:43,579 - INFO - 
Processing sub-question 2: What is the tallest building in Kuwait?
2026-04-29 13:39:43,664 - INFO - 🔍 Analysis-Answer Agent: Starting information analysis
2026-04-29 13:39:56,076 - INFO - HTTP Request: POST http://127.0.0.1:8002/v1/chat/completions "HTTP/1.1 200 OK"
2026-04-29 13:39:56,077 - INFO - Analysis result: status=no
2026-04-29 13:39:56,077 - INFO - Insufficient information, attempting query rewrite (attempt 1/2)
2026-04-29 13:39:56,077 - INFO - ✏️ Rewrite Agent: Starting query rewrite
2026-04-29 13:40:08,088 - INFO - HTTP Request: POST http://127.0.0.1:8002/v1/chat/completions "HTTP/1.1 200 OK"
2026-04-29 13:40:08,089 - INFO - Rewrite strategy: Expanded keywords with synonyms (e.g., 'skyscraper,' 'structure') and added location specificity ('Kuwait City') to target architectural landmarks directly. Included 'height' to emphasize quantitative data about buildings.
2026-04-29 13:40:08,157 - INFO - 🔍 Analysis-Answer Agent: Starting information analysis
2026-04-29 13:40:19,114 - INFO - HTTP Request: POST http://127.0.0.1:8002/v1/chat/completions "HTTP/1.1 200 OK"
2026-04-29 13:40:19,115 - INFO - Analysis result: status=no
2026-04-29 13:40:19,115 - INFO - Insufficient information, attempting query rewrite (attempt 2/2)
2026-04-29 13:40:19,115 - INFO - ✏️ Rewrite Agent: Starting query rewrite
2026-04-29 13:40:34,781 - INFO - HTTP Request: POST http://127.0.0.1:8002/v1/chat/completions "HTTP/1.1 200 OK"
2026-04-29 13:40:34,782 - INFO - Rewrite strategy: Expanded keywords to include synonyms (skyscraper, structure) and specific regional terms (Kuwait City, Kuwait Tower) to target location-based data while maintaining focus on height metrics
2026-04-29 13:40:34,857 - INFO - 🔍 Analysis-Answer Agent: Starting information analysis
2026-04-29 13:40:42,936 - INFO - HTTP Request: POST http://127.0.0.1:8002/v1/chat/completions "HTTP/1.1 200 OK"
2026-04-29 13:40:42,938 - INFO - Analysis result: status=no
2026-04-29 13:40:42,938 - WARNING - ❌ Sub-question 2 failed: The retrieved documents do not mention any buildings in Kuwait or specify the tallest building in the country. While the documents discuss global skyscrapers like the Burj Khalifa, Empire State Building, and others, there is no information about Kuwait's tallest structure.
2026-04-29 13:40:42,938 - INFO - 
==================================================
2026-04-29 13:40:42,938 - INFO - Final answer: Kuwait
2026-04-29 13:40:42,938 - INFO - Total time: 128.82 seconds
2026-04-29 13:40:42,938 - INFO - Retrieval rounds: 5
2026-04-29 13:40:42,938 - INFO - Execution traces: 9
2026-04-29 13:40:42,938 - INFO - ==================================================

2026-04-29 13:40:42,938 - INFO - 
==================================================
Processing question: What is the maximum load drawn by the 1.0 and 2.0 versions of the device that replaced FireWire in later iPods?
==================================================
2026-04-29 13:40:42,938 - INFO - 🎯 PLAN Agent: Starting question decomposition
2026-04-29 13:40:56,218 - INFO - HTTP Request: POST http://127.0.0.1:8002/v1/chat/completions "HTTP/1.1 200 OK"
2026-04-29 13:40:56,219 - INFO - Generated plan: 2 sub-questions
2026-04-29 13:40:56,219 - INFO - 
Processing sub-question 1: What device replaced FireWire in later iPods?
2026-04-29 13:40:56,297 - INFO - 🔍 Analysis-Answer Agent: Starting information analysis
2026-04-29 13:41:17,381 - INFO - HTTP Request: POST http://127.0.0.1:8002/v1/chat/completions "HTTP/1.1 200 OK"
2026-04-29 13:41:17,382 - INFO - Analysis result: status=yes
2026-04-29 13:41:17,382 - INFO - ✅ Sub-question 1 succeeded: USB
2026-04-29 13:41:17,382 - INFO - 
Processing sub-question 2: What is the maximum load drawn by the USB 1.0 and 2.0 versions?
2026-04-29 13:41:17,456 - INFO - 🔍 Analysis-Answer Agent: Starting information analysis
2026-04-29 13:41:33,047 - INFO - HTTP Request: POST http://127.0.0.1:8002/v1/chat/completions "HTTP/1.1 200 OK"
2026-04-29 13:41:33,048 - INFO - Analysis result: status=yes
2026-04-29 13:41:33,048 - INFO - ✅ Sub-question 2 succeeded: The maximum load drawn by USB 1.0 and 2.0 versions is 500 mA. This is calculated as 5 unit loads (each defined as 100 mA) for USB 1.x and 2.0, as stated in the documents.
2026-04-29 13:41:33,048 - INFO - 
==================================================
2026-04-29 13:41:33,048 - INFO - Final answer: The maximum load drawn by USB 1.0 and 2.0 versions is 500 mA. This is calculated as 5 unit loads (each defined as 100 mA) for USB 1.x and 2.0, as stated in the documents.
2026-04-29 13:41:33,048 - INFO - Total time: 50.11 seconds
2026-04-29 13:41:33,048 - INFO - Retrieval rounds: 2
2026-04-29 13:41:33,048 - INFO - Execution traces: 3
2026-04-29 13:41:33,048 - INFO - ==================================================

2026-04-29 13:41:33,048 - INFO - 
==================================================
Processing question: Where is the headquarters of Radio Television of this country that has a co-official language that is the same as the language of Olivera Markovic?
==================================================
2026-04-29 13:41:33,049 - INFO - 🎯 PLAN Agent: Starting question decomposition
2026-04-29 13:42:24,379 - INFO - HTTP Request: POST http://127.0.0.1:8002/v1/chat/completions "HTTP/1.1 200 OK"
2026-04-29 13:42:24,381 - INFO - Generated plan: 1 sub-questions
2026-04-29 13:42:24,381 - INFO - 
Processing sub-question 1: Where is the headquarters of Radio Television of this country that has a co-official language that is the same as the language of Olivera Markovic?
2026-04-29 13:42:24,459 - INFO - 🔍 Analysis-Answer Agent: Starting information analysis
2026-04-29 13:42:38,981 - INFO - HTTP Request: POST http://127.0.0.1:8002/v1/chat/completions "HTTP/1.1 200 OK"
2026-04-29 13:42:38,983 - INFO - Analysis result: status=yes
2026-04-29 13:42:38,983 - INFO - ✅ Sub-question 1 succeeded: Belgrade
2026-04-29 13:42:38,983 - INFO - 
==================================================
2026-04-29 13:42:38,983 - INFO - Final answer: Belgrade
2026-04-29 13:42:38,983 - INFO - Total time: 65.93 seconds
2026-04-29 13:42:38,983 - INFO - Retrieval rounds: 1
2026-04-29 13:42:38,983 - INFO - Execution traces: 2
2026-04-29 13:42:38,983 - INFO - ==================================================

2026-04-29 13:42:38,983 - INFO - 
==================================================
Processing question: What county has a city that is adjacent to the capital city of Erskine College's state?
==================================================
2026-04-29 13:42:38,983 - INFO - 🎯 PLAN Agent: Starting question decomposition
2026-04-29 13:43:30,154 - INFO - HTTP Request: POST http://127.0.0.1:8002/v1/chat/completions "HTTP/1.1 200 OK"
2026-04-29 13:43:30,155 - INFO - Generated plan: 1 sub-questions
2026-04-29 13:43:30,155 - INFO - 
Processing sub-question 1: What county has a city that is adjacent to the capital city of Erskine College's state?
2026-04-29 13:43:30,234 - INFO - 🔍 Analysis-Answer Agent: Starting information analysis
2026-04-29 13:44:14,126 - INFO - HTTP Request: POST http://127.0.0.1:8002/v1/chat/completions "HTTP/1.1 200 OK"
2026-04-29 13:44:14,127 - INFO - Analysis result: status=yes
2026-04-29 13:44:14,127 - INFO - ✅ Sub-question 1 succeeded: Richland County
2026-04-29 13:44:14,127 - INFO - 
==================================================
2026-04-29 13:44:14,127 - INFO - Final answer: Richland County
2026-04-29 13:44:14,127 - INFO - Total time: 95.14 seconds
2026-04-29 13:44:14,127 - INFO - Retrieval rounds: 1
2026-04-29 13:44:14,127 - INFO - Execution traces: 2
2026-04-29 13:44:14,127 - INFO - ==================================================

2026-04-29 13:44:14,128 - INFO - 
==================================================
Processing question: When did the majority party in the House of Representatives gain control of the body which determines rules of the US House and US Senate?
==================================================
2026-04-29 13:44:14,128 - INFO - 🎯 PLAN Agent: Starting question decomposition
2026-04-29 13:45:05,421 - INFO - HTTP Request: POST http://127.0.0.1:8002/v1/chat/completions "HTTP/1.1 200 OK"
2026-04-29 13:45:05,423 - INFO - Generated plan: 2 sub-questions
2026-04-29 13:45:05,423 - INFO - 
Processing sub-question 1: What is the body that determines the rules of the US House of Representatives?
2026-04-29 13:45:05,488 - INFO - 🔍 Analysis-Answer Agent: Starting information analysis
2026-04-29 13:45:29,762 - INFO - HTTP Request: POST http://127.0.0.1:8002/v1/chat/completions "HTTP/1.1 200 OK"
2026-04-29 13:45:29,764 - INFO - Analysis result: status=yes
2026-04-29 13:45:29,764 - INFO - ✅ Sub-question 1 succeeded: The United States House of Representatives itself determines its rules. This authority is derived from Article I, Section 5 of the U.S. Constitution, which states that 'each House may determine the Rules of its Proceedings.'
2026-04-29 13:45:29,764 - INFO - 
Processing sub-question 2: When did the majority party in the House of Representatives gain control of The United States House of Representatives itself determines its rules. This authority is derived from Article I, Section 5 of the U.S. Constitution, which states that 'each House may determine the Rules of its Proceedings.'?
2026-04-29 13:45:29,850 - INFO - 🔍 Analysis-Answer Agent: Starting information analysis
2026-04-29 13:45:59,975 - INFO - HTTP Request: POST http://127.0.0.1:8002/v1/chat/completions "HTTP/1.1 200 OK"
2026-04-29 13:45:59,976 - INFO - Analysis result: status=no
2026-04-29 13:45:59,976 - INFO - Insufficient information, attempting query rewrite (attempt 1/2)
2026-04-29 13:45:59,976 - INFO - ✏️ Rewrite Agent: Starting query rewrite
2026-04-29 13:46:11,903 - INFO - HTTP Request: POST http://127.0.0.1:8002/v1/chat/completions "HTTP/1.1 200 OK"
2026-04-29 13:46:11,904 - INFO - Rewrite strategy: Separated constitutional authority from partisan control timeline, focused on historical events and election outcomes while retaining key entities like 'House of Representatives' and 'majority party'
2026-04-29 13:46:11,998 - INFO - 🔍 Analysis-Answer Agent: Starting information analysis
2026-04-29 13:46:45,090 - INFO - HTTP Request: POST http://127.0.0.1:8002/v1/chat/completions "HTTP/1.1 200 OK"
2026-04-29 13:46:45,091 - INFO - Analysis result: status=no
2026-04-29 13:46:45,091 - INFO - Insufficient information, attempting query rewrite (attempt 2/2)
2026-04-29 13:46:45,091 - INFO - ✏️ Rewrite Agent: Starting query rewrite
2026-04-29 13:46:58,766 - INFO - HTTP Request: POST http://127.0.0.1:8002/v1/chat/completions "HTTP/1.1 200 OK"
2026-04-29 13:46:58,767 - INFO - Rewrite strategy: Clarified the distinction between constitutional rule-setting authority and actual party control via elections. Expanded keywords to include election-related terms and specific historical events (2010, 2015) to target documents about partisan control transitions.
2026-04-29 13:46:58,849 - INFO - 🔍 Analysis-Answer Agent: Starting information analysis
2026-04-29 13:47:55,359 - INFO - HTTP Request: POST http://127.0.0.1:8002/v1/chat/completions "HTTP/1.1 200 OK"
2026-04-29 13:47:55,361 - INFO - Analysis result: status=yes
2026-04-29 13:47:55,361 - INFO - ✅ Sub-question 2 succeeded: The majority party in the House of Representatives gained control in the 2010 midterm elections, when the Republicans secured a net gain of 63 seats, erasing Democratic gains and taking control of the House for the first time since 1938. This is explicitly mentioned in the documents, which note the 2010 election resulted in the largest loss for a party in a midterm election since 1938 and the largest House swing since 1948.
2026-04-29 13:47:55,361 - INFO - 
==================================================
2026-04-29 13:47:55,361 - INFO - Final answer: The majority party in the House of Representatives gained control in the 2010 midterm elections, when the Republicans secured a net gain of 63 seats, erasing Democratic gains and taking control of the House for the first time since 1938. This is explicitly mentioned in the documents, which note the 2010 election resulted in the largest loss for a party in a midterm election since 1938 and the largest House swing since 1948.
2026-04-29 13:47:55,361 - INFO - Total time: 221.23 seconds
2026-04-29 13:47:55,361 - INFO - Retrieval rounds: 4
2026-04-29 13:47:55,361 - INFO - Execution traces: 7
2026-04-29 13:47:55,361 - INFO - ==================================================

2026-04-29 13:47:55,361 - INFO - 
==================================================
Processing question: When did Nissan, the Acura Legend maker and the Scion Fuse manufacturer open US assembly plants?
==================================================
2026-04-29 13:47:55,361 - INFO - 🎯 PLAN Agent: Starting question decomposition
2026-04-29 13:48:46,495 - INFO - HTTP Request: POST http://127.0.0.1:8002/v1/chat/completions "HTTP/1.1 200 OK"
2026-04-29 13:48:46,497 - INFO - Generated plan: 1 sub-questions
2026-04-29 13:48:46,497 - INFO - 
Processing sub-question 1: When did Nissan, the Acura Legend maker and the Scion Fuse manufacturer open US assembly plants?
2026-04-29 13:48:46,576 - INFO - 🔍 Analysis-Answer Agent: Starting information analysis
2026-04-29 13:49:37,112 - INFO - HTTP Request: POST http://127.0.0.1:8002/v1/chat/completions "HTTP/1.1 200 OK"
2026-04-29 13:49:37,114 - INFO - Analysis result: status=yes
2026-04-29 13:49:37,114 - INFO - ✅ Sub-question 1 succeeded: Nissan, along with Honda and Toyota, opened US assembly plants in the early 1980s, specifically around 1981-1982, as mentioned in the documents. The exact year is not explicitly stated, but the context of the 1981 voluntary export restraints and the decade after the 1973 oil crisis (which would place it around 1983) suggests this timeframe.
2026-04-29 13:49:37,114 - INFO - 
==================================================
2026-04-29 13:49:37,114 - INFO - Final answer: Nissan, along with Honda and Toyota, opened US assembly plants in the early 1980s, specifically around 1981-1982, as mentioned in the documents. The exact year is not explicitly stated, but the context of the 1981 voluntary export restraints and the decade after the 1973 oil crisis (which would place it around 1983) suggests this timeframe.
2026-04-29 13:49:37,114 - INFO - Total time: 101.75 seconds
2026-04-29 13:49:37,114 - INFO - Retrieval rounds: 1
2026-04-29 13:49:37,114 - INFO - Execution traces: 2
2026-04-29 13:49:37,114 - INFO - ==================================================

2026-04-29 13:49:37,114 - INFO - 
==================================================
Processing question: Who had the lowest batting average in the league where the team with the most games in the series after which the MLB MVP is awarded played?
==================================================
2026-04-29 13:49:37,114 - INFO - 🎯 PLAN Agent: Starting question decomposition
2026-04-29 13:50:28,464 - INFO - HTTP Request: POST http://127.0.0.1:8002/v1/chat/completions "HTTP/1.1 200 OK"
2026-04-29 13:50:28,465 - INFO - Generated plan: 1 sub-questions
2026-04-29 13:50:28,465 - INFO - 
Processing sub-question 1: Who had the lowest batting average in the league where the team with the most games in the series after which the MLB MVP is awarded played?
2026-04-29 13:50:28,548 - INFO - 🔍 Analysis-Answer Agent: Starting information analysis
2026-04-29 13:51:28,289 - INFO - HTTP Request: POST http://127.0.0.1:8002/v1/chat/completions "HTTP/1.1 200 OK"
2026-04-29 13:51:28,290 - INFO - Analysis result: status=no
2026-04-29 13:51:28,291 - INFO - Insufficient information, attempting query rewrite (attempt 1/2)
2026-04-29 13:51:28,291 - INFO - ✏️ Rewrite Agent: Starting query rewrite
2026-04-29 13:51:53,779 - INFO - HTTP Request: POST http://127.0.0.1:8002/v1/chat/completions "HTTP/1.1 200 OK"
2026-04-29 13:51:53,781 - INFO - Rewrite strategy: default expansion
2026-04-29 13:51:53,853 - INFO - 🔍 Analysis-Answer Agent: Starting information analysis
2026-04-29 13:52:53,804 - INFO - HTTP Request: POST http://127.0.0.1:8002/v1/chat/completions "HTTP/1.1 200 OK"
2026-04-29 13:52:53,806 - INFO - Analysis result: status=no
2026-04-29 13:52:53,806 - INFO - Insufficient information, attempting query rewrite (attempt 2/2)
2026-04-29 13:52:53,806 - INFO - ✏️ Rewrite Agent: Starting query rewrite
2026-04-29 13:53:19,211 - INFO - HTTP Request: POST http://127.0.0.1:8002/v1/chat/completions "HTTP/1.1 200 OK"
2026-04-29 13:53:19,213 - INFO - Rewrite strategy: default expansion
2026-04-29 13:53:19,286 - INFO - 🔍 Analysis-Answer Agent: Starting information analysis
2026-04-29 13:54:16,819 - INFO - HTTP Request: POST http://127.0.0.1:8002/v1/chat/completions "HTTP/1.1 200 OK"
2026-04-29 13:54:16,820 - INFO - Analysis result: status=no
2026-04-29 13:54:16,821 - WARNING - ❌ Sub-question 1 failed: Failed to parse response, information may be insufficient
2026-04-29 13:54:16,821 - INFO - 
==================================================
2026-04-29 13:54:16,821 - INFO - Final answer: Unable to find answer
2026-04-29 13:54:16,821 - INFO - Total time: 279.71 seconds
2026-04-29 13:54:16,821 - INFO - Retrieval rounds: 3
2026-04-29 13:54:16,821 - INFO - Execution traces: 6
2026-04-29 13:54:16,821 - INFO - ==================================================

2026-04-29 13:54:16,821 - INFO - 
==================================================
Processing question: What is the public library system called in the place where the Cosbys live in New York?
==================================================
2026-04-29 13:54:16,821 - INFO - 🎯 PLAN Agent: Starting question decomposition
2026-04-29 13:54:28,502 - INFO - HTTP Request: POST http://127.0.0.1:8002/v1/chat/completions "HTTP/1.1 200 OK"
2026-04-29 13:54:28,503 - INFO - Generated plan: 2 sub-questions
2026-04-29 13:54:28,503 - INFO - 
Processing sub-question 1: Where do the Cosbys live in New York?
2026-04-29 13:54:28,591 - INFO - 🔍 Analysis-Answer Agent: Starting information analysis
2026-04-29 13:54:39,398 - INFO - HTTP Request: POST http://127.0.0.1:8002/v1/chat/completions "HTTP/1.1 200 OK"
2026-04-29 13:54:39,400 - INFO - Analysis result: status=yes
2026-04-29 13:54:39,400 - INFO - ✅ Sub-question 1 succeeded: The Cosbys (the Huxtable family from 'The Cosby Show') live in a brownstone in Brooklyn Heights, New York, at 10 Stigwood Avenue.
2026-04-29 13:54:39,400 - INFO - 
Processing sub-question 2: What is the public library system called in The Cosbys (the Huxtable family from 'The Cosby Show') live in a brownstone in Brooklyn Heights, New York, at 10 Stigwood Avenue.?
2026-04-29 13:54:39,485 - INFO - 🔍 Analysis-Answer Agent: Starting information analysis
2026-04-29 13:54:51,819 - INFO - HTTP Request: POST http://127.0.0.1:8002/v1/chat/completions "HTTP/1.1 200 OK"
2026-04-29 13:54:51,820 - INFO - Analysis result: status=yes
2026-04-29 13:54:51,820 - INFO - ✅ Sub-question 2 succeeded: Brooklyn Public Library
2026-04-29 13:54:51,820 - INFO - 
==================================================
2026-04-29 13:54:51,820 - INFO - Final answer: Brooklyn Public Library
2026-04-29 13:54:51,820 - INFO - Total time: 35.00 seconds
2026-04-29 13:54:51,820 - INFO - Retrieval rounds: 2
2026-04-29 13:54:51,821 - INFO - Execution traces: 3
2026-04-29 13:54:51,821 - INFO - ==================================================

2026-04-29 13:54:51,821 - INFO - 
==================================================
Processing question: What is an example of a railroad line in the country first to invade Manchuria?
==================================================
2026-04-29 13:54:51,821 - INFO - 🎯 PLAN Agent: Starting question decomposition
2026-04-29 13:55:03,343 - INFO - HTTP Request: POST http://127.0.0.1:8002/v1/chat/completions "HTTP/1.1 200 OK"
2026-04-29 13:55:03,344 - INFO - Generated plan: 2 sub-questions
2026-04-29 13:55:03,344 - INFO - 
Processing sub-question 1: Which country first invaded Manchuria?
2026-04-29 13:55:03,412 - INFO - 🔍 Analysis-Answer Agent: Starting information analysis
2026-04-29 13:55:15,667 - INFO - HTTP Request: POST http://127.0.0.1:8002/v1/chat/completions "HTTP/1.1 200 OK"
2026-04-29 13:55:15,668 - INFO - Analysis result: status=yes
2026-04-29 13:55:15,668 - INFO - ✅ Sub-question 1 succeeded: Japan
2026-04-29 13:55:15,669 - INFO - 
Processing sub-question 2: What railroad line did Japan establish in Manchuria?
2026-04-29 13:55:15,731 - INFO - 🔍 Analysis-Answer Agent: Starting information analysis
2026-04-29 13:55:36,535 - INFO - HTTP Request: POST http://127.0.0.1:8002/v1/chat/completions "HTTP/1.1 200 OK"
2026-04-29 13:55:36,536 - INFO - Analysis result: status=no
2026-04-29 13:55:36,537 - INFO - Insufficient information, attempting query rewrite (attempt 1/2)
2026-04-29 13:55:36,537 - INFO - ✏️ Rewrite Agent: Starting query rewrite
2026-04-29 13:55:50,502 - INFO - HTTP Request: POST http://127.0.0.1:8002/v1/chat/completions "HTTP/1.1 200 OK"
2026-04-29 13:55:50,503 - INFO - Rewrite strategy: Expanded keywords to include specific railway names (South Manchuria Railway), alternative terms (railway/system instead of railroad/line), historical context (construction, development), and Japanese entities (Japanese-controlled, Imperial Japanese Army) to target precise historical infrastructure data.
2026-04-29 13:55:50,578 - INFO - 🔍 Analysis-Answer Agent: Starting information analysis
2026-04-29 13:56:09,575 - INFO - HTTP Request: POST http://127.0.0.1:8002/v1/chat/completions "HTTP/1.1 200 OK"
2026-04-29 13:56:09,576 - INFO - Analysis result: status=no
2026-04-29 13:56:09,576 - INFO - Insufficient information, attempting query rewrite (attempt 2/2)
2026-04-29 13:56:09,576 - INFO - ✏️ Rewrite Agent: Starting query rewrite
2026-04-29 13:56:22,279 - INFO - HTTP Request: POST http://127.0.0.1:8002/v1/chat/completions "HTTP/1.1 200 OK"
2026-04-29 13:56:22,280 - INFO - Rewrite strategy: Expanded keywords with historical terms (Imperial Japan, Manchukuo), specific railway names (South Manchuria Railway), and alternative phrasings (railway ownership, infrastructure control) to capture implied context and direct references.
2026-04-29 13:56:22,367 - INFO - 🔍 Analysis-Answer Agent: Starting information analysis
2026-04-29 13:56:45,836 - INFO - HTTP Request: POST http://127.0.0.1:8002/v1/chat/completions "HTTP/1.1 200 OK"
2026-04-29 13:56:45,838 - INFO - Analysis result: status=no
2026-04-29 13:56:45,838 - WARNING - ❌ Sub-question 2 failed: The retrieved documents mention Japan's historical control over Manchuria (e.g., the establishment of Manchukuo in 1932 and military activities in 1937), but none explicitly name a specific railroad line established by Japan in Manchuria. While the South Manchuria Railway (a historically significant Japanese-controlled line) is implied by context, the documents do not directly reference it. Without explicit mention of a railroad line's name or details, the question cannot be definitively answered using the provided materials.
2026-04-29 13:56:45,838 - INFO - 
==================================================
2026-04-29 13:56:45,838 - INFO - Final answer: Japan
2026-04-29 13:56:45,838 - INFO - Total time: 114.02 seconds
2026-04-29 13:56:45,838 - INFO - Retrieval rounds: 4
2026-04-29 13:56:45,838 - INFO - Execution traces: 7
2026-04-29 13:56:45,838 - INFO - ==================================================

2026-04-29 13:56:45,838 - INFO - 
==================================================
Processing question: Who is the child of the Victim of Romance performer?
==================================================
2026-04-29 13:56:45,838 - INFO - 🎯 PLAN Agent: Starting question decomposition
2026-04-29 13:56:56,606 - INFO - HTTP Request: POST http://127.0.0.1:8002/v1/chat/completions "HTTP/1.1 200 OK"
2026-04-29 13:56:56,607 - INFO - Generated plan: 2 sub-questions
2026-04-29 13:56:56,607 - INFO - 
Processing sub-question 1: Who is the performer associated with the song 'Victim of Romance'?
2026-04-29 13:56:56,681 - INFO - 🔍 Analysis-Answer Agent: Starting information analysis
2026-04-29 13:57:03,580 - INFO - HTTP Request: POST http://127.0.0.1:8002/v1/chat/completions "HTTP/1.1 200 OK"
2026-04-29 13:57:03,581 - INFO - Analysis result: status=yes
2026-04-29 13:57:03,581 - INFO - ✅ Sub-question 1 succeeded: Michelle Phillips
2026-04-29 13:57:03,581 - INFO - 
Processing sub-question 2: Who is the child of Michelle Phillips?
2026-04-29 13:57:03,648 - INFO - 🔍 Analysis-Answer Agent: Starting information analysis
2026-04-29 13:57:16,155 - INFO - HTTP Request: POST http://127.0.0.1:8002/v1/chat/completions "HTTP/1.1 200 OK"
2026-04-29 13:57:16,156 - INFO - Analysis result: status=yes
2026-04-29 13:57:16,156 - INFO - ✅ Sub-question 2 succeeded: Chynna Phillips
2026-04-29 13:57:16,156 - INFO - 
==================================================
2026-04-29 13:57:16,156 - INFO - Final answer: Chynna Phillips
2026-04-29 13:57:16,156 - INFO - Total time: 30.32 seconds
2026-04-29 13:57:16,156 - INFO - Retrieval rounds: 2
2026-04-29 13:57:16,156 - INFO - Execution traces: 3
2026-04-29 13:57:16,156 - INFO - ==================================================

2026-04-29 13:57:16,157 - INFO - 
==================================================
Processing question: How many times did the plague occur in the birth place of Concerto in C Major Op 3 6's composer?
==================================================
2026-04-29 13:57:16,157 - INFO - 🎯 PLAN Agent: Starting question decomposition
2026-04-29 13:58:07,365 - INFO - HTTP Request: POST http://127.0.0.1:8002/v1/chat/completions "HTTP/1.1 200 OK"
2026-04-29 13:58:07,366 - INFO - Generated plan: 2 sub-questions
2026-04-29 13:58:07,366 - INFO - 
Processing sub-question 1: First sub-question to answer
2026-04-29 13:58:07,424 - INFO - 🔍 Analysis-Answer Agent: Starting information analysis
2026-04-29 13:58:16,959 - INFO - HTTP Request: POST http://127.0.0.1:8002/v1/chat/completions "HTTP/1.1 200 OK"
2026-04-29 13:58:16,961 - INFO - Analysis result: status=no
2026-04-29 13:58:16,961 - INFO - Insufficient information, attempting query rewrite (attempt 1/2)
2026-04-29 13:58:16,961 - INFO - ✏️ Rewrite Agent: Starting query rewrite
2026-04-29 13:58:42,035 - INFO - HTTP Request: POST http://127.0.0.1:8002/v1/chat/completions "HTTP/1.1 200 OK"
2026-04-29 13:58:42,037 - INFO - Rewrite strategy: Expanded the vague query by adding specific historical context terms and related concepts (e.g., 'causes,' 'factors,' 'crises') to focus on the French Revolution's root causes while maintaining conciseness.
2026-04-29 13:58:42,120 - INFO - 🔍 Analysis-Answer Agent: Starting information analysis
2026-04-29 13:58:52,766 - INFO - HTTP Request: POST http://127.0.0.1:8002/v1/chat/completions "HTTP/1.1 200 OK"
2026-04-29 13:58:52,768 - INFO - Analysis result: status=no
2026-04-29 13:58:52,768 - INFO - Insufficient information, attempting query rewrite (attempt 2/2)
2026-04-29 13:58:52,768 - INFO - ✏️ Rewrite Agent: Starting query rewrite
2026-04-29 13:59:09,419 - INFO - HTTP Request: POST http://127.0.0.1:8002/v1/chat/completions "HTTP/1.1 200 OK"
2026-04-29 13:59:09,421 - INFO - Rewrite strategy: Expanded keywords related to sub-questions (follow-up questions, related queries) and information retrieval context
2026-04-29 13:59:09,497 - INFO - 🔍 Analysis-Answer Agent: Starting information analysis
2026-04-29 13:59:18,553 - INFO - HTTP Request: POST http://127.0.0.1:8002/v1/chat/completions "HTTP/1.1 200 OK"
2026-04-29 13:59:18,554 - INFO - Analysis result: status=no
2026-04-29 13:59:18,554 - WARNING - ❌ Sub-question 1 failed: The sub-question is missing or not properly specified. The retrieved documents contain diverse information on topics like Acari classification, ASTM standards, political elections, and historical events, but without a clear, specific question, it is impossible to determine which information is relevant or how to extract an answer.
2026-04-29 13:59:18,554 - WARNING - ⏭️ Skipping sub-question 2 due to missing dependencies: [1]
2026-04-29 13:59:18,554 - INFO - 
==================================================
2026-04-29 13:59:18,554 - INFO - Final answer: Unable to find answer
2026-04-29 13:59:18,554 - INFO - Total time: 122.40 seconds
2026-04-29 13:59:18,554 - INFO - Retrieval rounds: 3
2026-04-29 13:59:18,554 - INFO - Execution traces: 6
2026-04-29 13:59:18,554 - INFO - ==================================================

2026-04-29 13:59:18,555 - INFO - 
==================================================
Processing question: When was the region immediately north of the region where the country in which Aluf can be found is located and the Persian Gulf established?
==================================================
2026-04-29 13:59:18,555 - INFO - 🎯 PLAN Agent: Starting question decomposition
2026-04-29 14:00:09,714 - INFO - HTTP Request: POST http://127.0.0.1:8002/v1/chat/completions "HTTP/1.1 200 OK"
2026-04-29 14:00:09,715 - INFO - Generated plan: 1 sub-questions
2026-04-29 14:00:09,716 - INFO - 
Processing sub-question 1: When was the region immediately north of the region where the country in which Aluf can be found is located and the Persian Gulf established?
2026-04-29 14:00:09,799 - INFO - 🔍 Analysis-Answer Agent: Starting information analysis
2026-04-29 14:00:49,326 - INFO - HTTP Request: POST http://127.0.0.1:8002/v1/chat/completions "HTTP/1.1 200 OK"
2026-04-29 14:00:49,328 - INFO - Analysis result: status=no
2026-04-29 14:00:49,328 - INFO - Insufficient information, attempting query rewrite (attempt 1/2)
2026-04-29 14:00:49,328 - INFO - ✏️ Rewrite Agent: Starting query rewrite
2026-04-29 14:01:06,696 - INFO - HTTP Request: POST http://127.0.0.1:8002/v1/chat/completions "HTTP/1.1 200 OK"
2026-04-29 14:01:06,698 - INFO - Rewrite strategy: Expanded 'Aluf' to broader Middle Eastern regions (e.g., Saudi Arabia) and focused on geographic relationships to the Persian Gulf. Used synonyms like 'adjacent,' 'bordering,' and 'north of' to capture spatial relations.
2026-04-29 14:01:06,778 - INFO - 🔍 Analysis-Answer Agent: Starting information analysis
2026-04-29 14:01:47,990 - INFO - HTTP Request: POST http://127.0.0.1:8002/v1/chat/completions "HTTP/1.1 200 OK"
2026-04-29 14:01:47,992 - INFO - Analysis result: status=no
2026-04-29 14:01:47,992 - INFO - Insufficient information, attempting query rewrite (attempt 2/2)
2026-04-29 14:01:47,992 - INFO - ✏️ Rewrite Agent: Starting query rewrite
2026-04-29 14:02:11,679 - INFO - HTTP Request: POST http://127.0.0.1:8002/v1/chat/completions "HTTP/1.1 200 OK"
2026-04-29 14:02:11,681 - INFO - Rewrite strategy: Expanded keywords to include nearby Persian Gulf countries (Saudi Arabia, Kuwait, Qatar) and replaced ambiguous term 'Aluf' with spatial descriptors like 'north of' and 'adjacent to' to capture regional relationships.
2026-04-29 14:02:11,751 - INFO - 🔍 Analysis-Answer Agent: Starting information analysis
2026-04-29 14:03:10,316 - INFO - HTTP Request: POST http://127.0.0.1:8002/v1/chat/completions "HTTP/1.1 200 OK"
2026-04-29 14:03:10,318 - INFO - Analysis result: status=no
2026-04-29 14:03:10,318 - WARNING - ❌ Sub-question 1 failed: Failed to parse response, information may be insufficient
2026-04-29 14:03:10,318 - INFO - 
==================================================
2026-04-29 14:03:10,318 - INFO - Final answer: Unable to find answer
2026-04-29 14:03:10,318 - INFO - Total time: 231.76 seconds
2026-04-29 14:03:10,318 - INFO - Retrieval rounds: 3
2026-04-29 14:03:10,318 - INFO - Execution traces: 6
2026-04-29 14:03:10,318 - INFO - ==================================================

2026-04-29 14:03:10,318 - INFO - 
==================================================
Processing question: When did the performer of I Love Life, Thank You release Best Day Ever?
==================================================
2026-04-29 14:03:10,319 - INFO - 🎯 PLAN Agent: Starting question decomposition
2026-04-29 14:03:18,222 - INFO - HTTP Request: POST http://127.0.0.1:8002/v1/chat/completions "HTTP/1.1 200 OK"
2026-04-29 14:03:18,223 - INFO - Generated plan: 2 sub-questions
2026-04-29 14:03:18,223 - INFO - 
Processing sub-question 1: Who is the performer of I Love Life, Thank You?
2026-04-29 14:03:18,303 - INFO - 🔍 Analysis-Answer Agent: Starting information analysis
2026-04-29 14:03:34,955 - INFO - HTTP Request: POST http://127.0.0.1:8002/v1/chat/completions "HTTP/1.1 200 OK"
2026-04-29 14:03:34,957 - INFO - Analysis result: status=yes
2026-04-29 14:03:34,957 - INFO - ✅ Sub-question 1 succeeded: Mac Miller
2026-04-29 14:03:34,957 - INFO - 
Processing sub-question 2: When did Mac Miller release Best Day Ever?
2026-04-29 14:03:35,023 - INFO - 🔍 Analysis-Answer Agent: Starting information analysis
2026-04-29 14:03:47,189 - INFO - HTTP Request: POST http://127.0.0.1:8002/v1/chat/completions "HTTP/1.1 200 OK"
2026-04-29 14:03:47,190 - INFO - Analysis result: status=yes
2026-04-29 14:03:47,190 - INFO - ✅ Sub-question 2 succeeded: March 11, 2011
2026-04-29 14:03:47,190 - INFO - 
==================================================
2026-04-29 14:03:47,190 - INFO - Final answer: March 11, 2011
2026-04-29 14:03:47,190 - INFO - Total time: 36.87 seconds
2026-04-29 14:03:47,190 - INFO - Retrieval rounds: 2
2026-04-29 14:03:47,190 - INFO - Execution traces: 3
2026-04-29 14:03:47,190 - INFO - ==================================================

2026-04-29 14:03:47,190 - INFO - 
==================================================
Processing question: Between the state university in the state without North Point Mall and where Edwards won the primary and the university in Fort Hill's town which has the more national championships?
==================================================
2026-04-29 14:03:47,190 - INFO - 🎯 PLAN Agent: Starting question decomposition
2026-04-29 14:04:38,389 - INFO - HTTP Request: POST http://127.0.0.1:8002/v1/chat/completions "HTTP/1.1 200 OK"
2026-04-29 14:04:38,391 - INFO - Generated plan: 1 sub-questions
2026-04-29 14:04:38,391 - INFO - 
Processing sub-question 1: Between the state university in the state without North Point Mall and where Edwards won the primary and the university in Fort Hill's town which has the more national championships?
2026-04-29 14:04:38,601 - INFO - 🔍 Analysis-Answer Agent: Starting information analysis
2026-04-29 14:05:37,100 - INFO - HTTP Request: POST http://127.0.0.1:8002/v1/chat/completions "HTTP/1.1 200 OK"
2026-04-29 14:05:37,102 - INFO - Analysis result: status=no
2026-04-29 14:05:37,102 - INFO - Insufficient information, attempting query rewrite (attempt 1/2)
2026-04-29 14:05:37,102 - INFO - ✏️ Rewrite Agent: Starting query rewrite
2026-04-29 14:05:54,225 - INFO - HTTP Request: POST http://127.0.0.1:8002/v1/chat/completions "HTTP/1.1 200 OK"
2026-04-29 14:05:54,226 - INFO - Rewrite strategy: Expanded ambiguous locations with synonyms (e.g., 'primary election' for 'primary', 'town' for 'town's'), clarified entity relationships, and added specific terms like 'national championships' for better search precision
2026-04-29 14:05:54,314 - INFO - 🔍 Analysis-Answer Agent: Starting information analysis
2026-04-29 14:06:18,025 - INFO - HTTP Request: POST http://127.0.0.1:8002/v1/chat/completions "HTTP/1.1 200 OK"
2026-04-29 14:06:18,026 - INFO - Analysis result: status=no
2026-04-29 14:06:18,026 - INFO - Insufficient information, attempting query rewrite (attempt 2/2)
2026-04-29 14:06:18,026 - INFO - ✏️ Rewrite Agent: Starting query rewrite
2026-04-29 14:06:40,188 - INFO - HTTP Request: POST http://127.0.0.1:8002/v1/chat/completions "HTTP/1.1 200 OK"
2026-04-29 14:06:40,189 - INFO - Rewrite strategy: Simplified the complex location-based comparison by focusing on explicit university names (Clemson) and adding direct comparison terms. Expanded keywords to include 'championships' variations and clarified the comparison structure.
2026-04-29 14:06:40,278 - INFO - 🔍 Analysis-Answer Agent: Starting information analysis
2026-04-29 14:07:39,161 - INFO - HTTP Request: POST http://127.0.0.1:8002/v1/chat/completions "HTTP/1.1 200 OK"
2026-04-29 14:07:39,163 - INFO - Analysis result: status=no
2026-04-29 14:07:39,163 - WARNING - ❌ Sub-question 1 failed: Failed to parse response, information may be insufficient
2026-04-29 14:07:39,163 - INFO - 
==================================================
2026-04-29 14:07:39,163 - INFO - Final answer: Unable to find answer
2026-04-29 14:07:39,163 - INFO - Total time: 231.97 seconds
2026-04-29 14:07:39,163 - INFO - Retrieval rounds: 3
2026-04-29 14:07:39,163 - INFO - Execution traces: 6
2026-04-29 14:07:39,163 - INFO - ==================================================

2026-04-29 14:07:39,164 - INFO - 
==================================================
Processing question: What is the population in 2010 of they city popular with tourists?
==================================================
2026-04-29 14:07:39,164 - INFO - 🎯 PLAN Agent: Starting question decomposition
2026-04-29 14:08:01,714 - INFO - HTTP Request: POST http://127.0.0.1:8002/v1/chat/completions "HTTP/1.1 200 OK"
2026-04-29 14:08:01,715 - INFO - Generated plan: 2 sub-questions
2026-04-29 14:08:01,715 - INFO - 
Processing sub-question 1: What is the city popular with tourists?
2026-04-29 14:08:01,784 - INFO - 🔍 Analysis-Answer Agent: Starting information analysis
2026-04-29 14:09:00,390 - INFO - HTTP Request: POST http://127.0.0.1:8002/v1/chat/completions "HTTP/1.1 200 OK"
2026-04-29 14:09:00,392 - INFO - Analysis result: status=no
2026-04-29 14:09:00,392 - INFO - Insufficient information, attempting query rewrite (attempt 1/2)
2026-04-29 14:09:00,392 - INFO - ✏️ Rewrite Agent: Starting query rewrite
2026-04-29 14:09:13,216 - INFO - HTTP Request: POST http://127.0.0.1:8002/v1/chat/completions "HTTP/1.1 200 OK"
2026-04-29 14:09:13,217 - INFO - Rewrite strategy: Expanded keywords to include specific attributes of tourist cities (e.g., 'top destinations,' 'must-visit places') and alternative phrasings to capture different ways the question might be framed
2026-04-29 14:09:13,295 - INFO - 🔍 Analysis-Answer Agent: Starting information analysis
2026-04-29 14:09:29,839 - INFO - HTTP Request: POST http://127.0.0.1:8002/v1/chat/completions "HTTP/1.1 200 OK"
2026-04-29 14:09:29,841 - INFO - Analysis result: status=yes
2026-04-29 14:09:29,841 - INFO - ✅ Sub-question 1 succeeded: London
2026-04-29 14:09:29,841 - INFO - 
Processing sub-question 2: What was the population of London in 2010?
2026-04-29 14:09:29,911 - INFO - 🔍 Analysis-Answer Agent: Starting information analysis
2026-04-29 14:09:46,199 - INFO - HTTP Request: POST http://127.0.0.1:8002/v1/chat/completions "HTTP/1.1 200 OK"
2026-04-29 14:09:46,200 - INFO - Analysis result: status=no
2026-04-29 14:09:46,200 - INFO - Insufficient information, attempting query rewrite (attempt 1/2)
2026-04-29 14:09:46,201 - INFO - ✏️ Rewrite Agent: Starting query rewrite
2026-04-29 14:10:00,549 - INFO - HTTP Request: POST http://127.0.0.1:8002/v1/chat/completions "HTTP/1.1 200 OK"
2026-04-29 14:10:00,550 - INFO - Rewrite strategy: Expanded keywords with synonyms for 'population' (residents, demographics) and alternative phrasings (census, statistics). Included geographic variations (Greater London, Metropolitan London) and added 'official data' to target authoritative sources.
2026-04-29 14:10:00,625 - INFO - 🔍 Analysis-Answer Agent: Starting information analysis
2026-04-29 14:10:15,933 - INFO - HTTP Request: POST http://127.0.0.1:8002/v1/chat/completions "HTTP/1.1 200 OK"
2026-04-29 14:10:15,935 - INFO - Analysis result: status=no
2026-04-29 14:10:15,935 - INFO - Insufficient information, attempting query rewrite (attempt 2/2)
2026-04-29 14:10:15,935 - INFO - ✏️ Rewrite Agent: Starting query rewrite
2026-04-29 14:10:26,538 - INFO - HTTP Request: POST http://127.0.0.1:8002/v1/chat/completions "HTTP/1.1 200 OK"
2026-04-29 14:10:26,539 - INFO - Rewrite strategy: Expanded keywords to include synonyms for 'population' (residents, statistics) and added 'census data' to target official sources. Specified 'UK' to differentiate from other cities named London and included '2010' for precise year.
2026-04-29 14:10:26,603 - INFO - 🔍 Analysis-Answer Agent: Starting information analysis
2026-04-29 14:10:47,416 - INFO - HTTP Request: POST http://127.0.0.1:8002/v1/chat/completions "HTTP/1.1 200 OK"
2026-04-29 14:10:47,418 - INFO - Analysis result: status=no
2026-04-29 14:10:47,418 - WARNING - ❌ Sub-question 2 failed: The retrieved documents do not provide the population of London in 2010. While one document (chunk_4) mentions '1.4 million from london' in the context of a planned evacuation during a blackout, this figure refers to evacuees, not the total population. No other document contains explicit data on London's 2010 population. The closest relevant data (e.g., chunk_8 about New Haven's 2010 population) pertains to a different city and is unrelated to London.
2026-04-29 14:10:47,418 - INFO - 
==================================================
2026-04-29 14:10:47,418 - INFO - Final answer: London
2026-04-29 14:10:47,418 - INFO - Total time: 188.25 seconds
2026-04-29 14:10:47,418 - INFO - Retrieval rounds: 5
2026-04-29 14:10:47,418 - INFO - Execution traces: 9
2026-04-29 14:10:47,418 - INFO - ==================================================

2026-04-29 14:10:47,418 - INFO - 
==================================================
Processing question: How many people work at the school that holds the Julian P. Kanter Political Commercial Archive?
==================================================
2026-04-29 14:10:47,418 - INFO - 🎯 PLAN Agent: Starting question decomposition
2026-04-29 14:10:58,145 - INFO - HTTP Request: POST http://127.0.0.1:8002/v1/chat/completions "HTTP/1.1 200 OK"
2026-04-29 14:10:58,146 - INFO - Generated plan: 2 sub-questions
2026-04-29 14:10:58,146 - INFO - 
Processing sub-question 1: Which school holds the Julian P. Kanter Political Commercial Archive?
2026-04-29 14:10:58,217 - INFO - 🔍 Analysis-Answer Agent: Starting information analysis
2026-04-29 14:11:08,764 - INFO - HTTP Request: POST http://127.0.0.1:8002/v1/chat/completions "HTTP/1.1 200 OK"
2026-04-29 14:11:08,765 - INFO - Analysis result: status=yes
2026-04-29 14:11:08,765 - INFO - ✅ Sub-question 1 succeeded: The University of Oklahoma
2026-04-29 14:11:08,765 - INFO - 
Processing sub-question 2: How many people work at The University of Oklahoma?
2026-04-29 14:11:08,849 - INFO - 🔍 Analysis-Answer Agent: Starting information analysis
2026-04-29 14:11:20,088 - INFO - HTTP Request: POST http://127.0.0.1:8002/v1/chat/completions "HTTP/1.1 200 OK"
2026-04-29 14:11:20,089 - INFO - Analysis result: status=yes
2026-04-29 14:11:20,089 - INFO - ✅ Sub-question 2 succeeded: 11,900
2026-04-29 14:11:20,089 - INFO - 
==================================================
2026-04-29 14:11:20,090 - INFO - Final answer: 11,900
2026-04-29 14:11:20,090 - INFO - Total time: 32.67 seconds
2026-04-29 14:11:20,090 - INFO - Retrieval rounds: 2
2026-04-29 14:11:20,090 - INFO - Execution traces: 3
2026-04-29 14:11:20,090 - INFO - ==================================================

2026-04-29 14:11:20,090 - INFO - 
==================================================
Processing question: When did the U.S. and the country in effective control of political and military functions of the group the People's Socialist Republic of Albania was a member of become allies?
==================================================
2026-04-29 14:11:20,090 - INFO - 🎯 PLAN Agent: Starting question decomposition
2026-04-29 14:12:11,250 - INFO - HTTP Request: POST http://127.0.0.1:8002/v1/chat/completions "HTTP/1.1 200 OK"
2026-04-29 14:12:11,252 - INFO - Generated plan: 1 sub-questions
2026-04-29 14:12:11,252 - INFO - 
Processing sub-question 1: When did the U.S. and the country in effective control of political and military functions of the group the People's Socialist Republic of Albania was a member of become allies?
2026-04-29 14:12:11,331 - INFO - 🔍 Analysis-Answer Agent: Starting information analysis
2026-04-29 14:12:40,754 - INFO - HTTP Request: POST http://127.0.0.1:8002/v1/chat/completions "HTTP/1.1 200 OK"
2026-04-29 14:12:40,755 - INFO - Analysis result: status=yes
2026-04-29 14:12:40,755 - INFO - ✅ Sub-question 1 succeeded: 1941
2026-04-29 14:12:40,755 - INFO - 
==================================================
2026-04-29 14:12:40,755 - INFO - Final answer: 1941
2026-04-29 14:12:40,755 - INFO - Total time: 80.67 seconds
2026-04-29 14:12:40,755 - INFO - Retrieval rounds: 1
2026-04-29 14:12:40,755 - INFO - Execution traces: 2
2026-04-29 14:12:40,755 - INFO - ==================================================

2026-04-29 14:12:40,755 - INFO - 
==================================================
Processing question: Who were the leaders of the opposition of the party that controlled the house of representatives in 2002?
==================================================
2026-04-29 14:12:40,755 - INFO - 🎯 PLAN Agent: Starting question decomposition
2026-04-29 14:13:08,123 - INFO - HTTP Request: POST http://127.0.0.1:8002/v1/chat/completions "HTTP/1.1 200 OK"
2026-04-29 14:13:08,124 - INFO - Generated plan: 2 sub-questions
2026-04-29 14:13:08,124 - INFO - 
Processing sub-question 1: Which party controlled the House of Representatives in 2002?
2026-04-29 14:13:08,189 - INFO - 🔍 Analysis-Answer Agent: Starting information analysis
2026-04-29 14:13:21,093 - INFO - HTTP Request: POST http://127.0.0.1:8002/v1/chat/completions "HTTP/1.1 200 OK"
2026-04-29 14:13:21,094 - INFO - Analysis result: status=yes
2026-04-29 14:13:21,094 - INFO - ✅ Sub-question 1 succeeded: The Republican Party
2026-04-29 14:13:21,095 - INFO - 
Processing sub-question 2: Who were the leaders of the opposition party of The Republican Party?
2026-04-29 14:13:21,177 - INFO - 🔍 Analysis-Answer Agent: Starting information analysis
2026-04-29 14:13:55,319 - INFO - HTTP Request: POST http://127.0.0.1:8002/v1/chat/completions "HTTP/1.1 200 OK"
2026-04-29 14:13:55,320 - INFO - Analysis result: status=yes
2026-04-29 14:13:55,320 - INFO - ✅ Sub-question 2 succeeded: The leaders of the opposition party to the Republican Party (the Democratic Party) include Nancy Pelosi, who served as the House Minority Leader and floor leader of the opposition party in the U.S. House of Representatives. The documents explicitly mention her role as the current minority leader and floor leader of the opposition party.
2026-04-29 14:13:55,320 - INFO - 
==================================================
2026-04-29 14:13:55,320 - INFO - Final answer: The leaders of the opposition party to the Republican Party (the Democratic Party) include Nancy Pelosi, who served as the House Minority Leader and floor leader of the opposition party in the U.S. House of Representatives. The documents explicitly mention her role as the current minority leader and floor leader of the opposition party.
2026-04-29 14:13:55,320 - INFO - Total time: 74.56 seconds
2026-04-29 14:13:55,321 - INFO - Retrieval rounds: 2
2026-04-29 14:13:55,321 - INFO - Execution traces: 3
2026-04-29 14:13:55,321 - INFO - ==================================================

2026-04-29 14:13:55,321 - INFO - 
==================================================
Processing question: In what state is the district where the man who wanted to reform the religion practiced by Innocenzo Ferrieri preached a sermon on Marian devotion?
==================================================
2026-04-29 14:13:55,321 - INFO - 🎯 PLAN Agent: Starting question decomposition
2026-04-29 14:14:46,697 - INFO - HTTP Request: POST http://127.0.0.1:8002/v1/chat/completions "HTTP/1.1 200 OK"
2026-04-29 14:14:46,698 - INFO - Generated plan: 2 sub-questions
2026-04-29 14:14:46,698 - INFO - 
Processing sub-question 1: First sub-question to answer
2026-04-29 14:14:46,765 - INFO - 🔍 Analysis-Answer Agent: Starting information analysis
2026-04-29 14:14:55,945 - INFO - HTTP Request: POST http://127.0.0.1:8002/v1/chat/completions "HTTP/1.1 200 OK"
2026-04-29 14:14:55,946 - INFO - Analysis result: status=no
2026-04-29 14:14:55,946 - INFO - Insufficient information, attempting query rewrite (attempt 1/2)
2026-04-29 14:14:55,946 - INFO - ✏️ Rewrite Agent: Starting query rewrite
2026-04-29 14:15:21,309 - INFO - HTTP Request: POST http://127.0.0.1:8002/v1/chat/completions "HTTP/1.1 200 OK"
2026-04-29 14:15:21,310 - INFO - Rewrite strategy: default expansion
2026-04-29 14:15:21,385 - INFO - 🔍 Analysis-Answer Agent: Starting information analysis
2026-04-29 14:15:29,612 - INFO - HTTP Request: POST http://127.0.0.1:8002/v1/chat/completions "HTTP/1.1 200 OK"
2026-04-29 14:15:29,613 - INFO - Analysis result: status=no
2026-04-29 14:15:29,613 - INFO - Insufficient information, attempting query rewrite (attempt 2/2)
2026-04-29 14:15:29,613 - INFO - ✏️ Rewrite Agent: Starting query rewrite
2026-04-29 14:15:43,468 - INFO - HTTP Request: POST http://127.0.0.1:8002/v1/chat/completions "HTTP/1.1 200 OK"
2026-04-29 14:15:43,469 - INFO - Rewrite strategy: Expanded on core concepts (sub-questions, information retrieval) with related terms (incomplete, necessary, accurate, relevant) to address both query structure and document assessment
2026-04-29 14:15:43,538 - INFO - 🔍 Analysis-Answer Agent: Starting information analysis
2026-04-29 14:15:52,661 - INFO - HTTP Request: POST http://127.0.0.1:8002/v1/chat/completions "HTTP/1.1 200 OK"
2026-04-29 14:15:52,663 - INFO - Analysis result: status=no
2026-04-29 14:15:52,663 - WARNING - ❌ Sub-question 1 failed: The sub-question is incomplete or missing, making it impossible to determine what specific information is required. The retrieved documents contain diverse topics (e.g., game development, philosophy, history, technical specifications), but without a clear question, analysis cannot proceed.
2026-04-29 14:15:52,663 - WARNING - ⏭️ Skipping sub-question 2 due to missing dependencies: [1]
2026-04-29 14:15:52,663 - INFO - 
==================================================
2026-04-29 14:15:52,663 - INFO - Final answer: Unable to find answer
2026-04-29 14:15:52,663 - INFO - Total time: 117.34 seconds
2026-04-29 14:15:52,663 - INFO - Retrieval rounds: 3
2026-04-29 14:15:52,663 - INFO - Execution traces: 6
2026-04-29 14:15:52,663 - INFO - ==================================================

2026-04-29 14:15:52,663 - INFO - 
==================================================
Processing question: What UK label was purchased by the company that, along with the distributor of The Cube, and ABC, is the other major New York-based broadcaster?
==================================================
2026-04-29 14:15:52,664 - INFO - 🎯 PLAN Agent: Starting question decomposition
2026-04-29 14:16:43,802 - INFO - HTTP Request: POST http://127.0.0.1:8002/v1/chat/completions "HTTP/1.1 200 OK"
2026-04-29 14:16:43,803 - INFO - Generated plan: 1 sub-questions
2026-04-29 14:16:43,804 - INFO - 
Processing sub-question 1: What UK label was purchased by the company that, along with the distributor of The Cube, and ABC, is the other major New York-based broadcaster?
2026-04-29 14:16:43,882 - INFO - 🔍 Analysis-Answer Agent: Starting information analysis
2026-04-29 14:17:39,802 - INFO - HTTP Request: POST http://127.0.0.1:8002/v1/chat/completions "HTTP/1.1 200 OK"
2026-04-29 14:17:39,803 - INFO - Analysis result: status=yes
2026-04-29 14:17:39,803 - INFO - ✅ Sub-question 1 succeeded: Oriole Records
2026-04-29 14:17:39,803 - INFO - 
==================================================
2026-04-29 14:17:39,803 - INFO - Final answer: Oriole Records
2026-04-29 14:17:39,803 - INFO - Total time: 107.14 seconds
2026-04-29 14:17:39,803 - INFO - Retrieval rounds: 1
2026-04-29 14:17:39,803 - INFO - Execution traces: 2
2026-04-29 14:17:39,803 - INFO - ==================================================

2026-04-29 14:17:39,804 - INFO - 
==================================================
Processing question: What date saw the writing of the song where the devil went down to the state where WDXQ is located?
==================================================
2026-04-29 14:17:39,804 - INFO - 🎯 PLAN Agent: Starting question decomposition
2026-04-29 14:18:31,154 - INFO - HTTP Request: POST http://127.0.0.1:8002/v1/chat/completions "HTTP/1.1 200 OK"
2026-04-29 14:18:31,156 - INFO - Generated plan: 1 sub-questions
2026-04-29 14:18:31,156 - INFO - 
Processing sub-question 1: What date saw the writing of the song where the devil went down to the state where WDXQ is located?
2026-04-29 14:18:31,232 - INFO - 🔍 Analysis-Answer Agent: Starting information analysis
2026-04-29 14:19:21,747 - INFO - HTTP Request: POST http://127.0.0.1:8002/v1/chat/completions "HTTP/1.1 200 OK"
2026-04-29 14:19:21,749 - INFO - Analysis result: status=no
2026-04-29 14:19:21,749 - INFO - Insufficient information, attempting query rewrite (attempt 1/2)
2026-04-29 14:19:21,749 - INFO - ✏️ Rewrite Agent: Starting query rewrite
2026-04-29 14:19:40,435 - INFO - HTTP Request: POST http://127.0.0.1:8002/v1/chat/completions "HTTP/1.1 200 OK"
2026-04-29 14:19:40,437 - INFO - Rewrite strategy: Expanded keywords to include 'songwriting date,' 'composition date,' and 'created date' while retaining key entities like the song title, artist, and state reference. Added 'WDXQ location' to explicitly address the radio station's geographical context.
2026-04-29 14:19:40,506 - INFO - 🔍 Analysis-Answer Agent: Starting information analysis
2026-04-29 14:20:11,197 - INFO - HTTP Request: POST http://127.0.0.1:8002/v1/chat/completions "HTTP/1.1 200 OK"
2026-04-29 14:20:11,199 - INFO - Analysis result: status=no
2026-04-29 14:20:11,199 - INFO - Insufficient information, attempting query rewrite (attempt 2/2)
2026-04-29 14:20:11,199 - INFO - ✏️ Rewrite Agent: Starting query rewrite
2026-04-29 14:20:27,626 - INFO - HTTP Request: POST http://127.0.0.1:8002/v1/chat/completions "HTTP/1.1 200 OK"
2026-04-29 14:20:27,627 - INFO - Rewrite strategy: Expanded keywords to include 'composition date' and synonyms for 'written' while retaining key entities (song title, artist, WDXQ location). Focused on explicit date-related terms to target creation timelines.
2026-04-29 14:20:27,703 - INFO - 🔍 Analysis-Answer Agent: Starting information analysis
2026-04-29 14:20:59,427 - INFO - HTTP Request: POST http://127.0.0.1:8002/v1/chat/completions "HTTP/1.1 200 OK"
2026-04-29 14:20:59,428 - INFO - Analysis result: status=no
2026-04-29 14:20:59,428 - WARNING - ❌ Sub-question 1 failed: The documents confirm that WDXQ is located in Georgia and mention the song 'The Devil Went Down to Georgia' by Charlie Daniels, which was released as a single on May 21, 1979. However, the exact date the song was written is not explicitly stated in the retrieved texts. While the release date is provided, the writing date is not specified, making it impossible to determine the answer from the given information.
2026-04-29 14:20:59,428 - INFO - 
==================================================
2026-04-29 14:20:59,428 - INFO - Final answer: Unable to find answer
2026-04-29 14:20:59,428 - INFO - Total time: 199.62 seconds
2026-04-29 14:20:59,428 - INFO - Retrieval rounds: 3
2026-04-29 14:20:59,428 - INFO - Execution traces: 6
2026-04-29 14:20:59,428 - INFO - ==================================================

2026-04-29 14:20:59,428 - INFO - 
==================================================
Processing question: What is the experimental satellite that was the forerunner to communication satellite of the operator of INSAT-4CR called?
==================================================
2026-04-29 14:20:59,428 - INFO - 🎯 PLAN Agent: Starting question decomposition
2026-04-29 14:21:37,770 - INFO - HTTP Request: POST http://127.0.0.1:8002/v1/chat/completions "HTTP/1.1 200 OK"
2026-04-29 14:21:37,771 - INFO - Generated plan: 2 sub-questions
2026-04-29 14:21:37,771 - INFO - 
Processing sub-question 1: Who operates the INSAT-4CR satellite?
2026-04-29 14:21:37,842 - INFO - 🔍 Analysis-Answer Agent: Starting information analysis
2026-04-29 14:21:49,952 - INFO - HTTP Request: POST http://127.0.0.1:8002/v1/chat/completions "HTTP/1.1 200 OK"
2026-04-29 14:21:49,954 - INFO - Analysis result: status=yes
2026-04-29 14:21:49,954 - INFO - ✅ Sub-question 1 succeeded: ISRO
2026-04-29 14:21:49,954 - INFO - 
Processing sub-question 2: What is the experimental satellite that was the forerunner to the communication satellite of ISRO?
2026-04-29 14:21:50,035 - INFO - 🔍 Analysis-Answer Agent: Starting information analysis
2026-04-29 14:22:04,847 - INFO - HTTP Request: POST http://127.0.0.1:8002/v1/chat/completions "HTTP/1.1 200 OK"
2026-04-29 14:22:04,849 - INFO - Analysis result: status=yes
2026-04-29 14:22:04,849 - INFO - ✅ Sub-question 2 succeeded: ATS-6
2026-04-29 14:22:04,849 - INFO - 
==================================================
2026-04-29 14:22:04,849 - INFO - Final answer: ATS-6
2026-04-29 14:22:04,849 - INFO - Total time: 65.42 seconds
2026-04-29 14:22:04,849 - INFO - Retrieval rounds: 2
2026-04-29 14:22:04,849 - INFO - Execution traces: 3
2026-04-29 14:22:04,849 - INFO - ==================================================

2026-04-29 14:22:04,849 - INFO - 
==================================================
Processing question: Who won the 1993 Indy Car Race in the largest city of the state containing the city where the performer of the album Mingus Three is from?
==================================================
2026-04-29 14:22:04,849 - INFO - 🎯 PLAN Agent: Starting question decomposition
2026-04-29 14:22:55,983 - INFO - HTTP Request: POST http://127.0.0.1:8002/v1/chat/completions "HTTP/1.1 200 OK"
2026-04-29 14:22:55,985 - INFO - Generated plan: 1 sub-questions
2026-04-29 14:22:55,985 - INFO - 
Processing sub-question 1: Who won the 1993 Indy Car Race in the largest city of the state containing the city where the performer of the album Mingus Three is from?
2026-04-29 14:22:56,068 - INFO - 🔍 Analysis-Answer Agent: Starting information analysis
2026-04-29 14:23:19,242 - INFO - HTTP Request: POST http://127.0.0.1:8002/v1/chat/completions "HTTP/1.1 200 OK"
2026-04-29 14:23:19,243 - INFO - Analysis result: status=yes
2026-04-29 14:23:19,243 - INFO - ✅ Sub-question 1 succeeded: Mario Andretti
2026-04-29 14:23:19,244 - INFO - 
==================================================
2026-04-29 14:23:19,244 - INFO - Final answer: Mario Andretti
2026-04-29 14:23:19,244 - INFO - Total time: 74.39 seconds
2026-04-29 14:23:19,244 - INFO - Retrieval rounds: 1
2026-04-29 14:23:19,244 - INFO - Execution traces: 2
2026-04-29 14:23:19,244 - INFO - ==================================================

2026-04-29 14:23:19,244 - INFO - 
==================================================
Processing question: What mountain can you see from Portland in the state where Fishing Creek Confederacy is located?
==================================================
2026-04-29 14:23:19,244 - INFO - 🎯 PLAN Agent: Starting question decomposition
2026-04-29 14:23:48,790 - INFO - HTTP Request: POST http://127.0.0.1:8002/v1/chat/completions "HTTP/1.1 200 OK"
2026-04-29 14:23:48,791 - INFO - Generated plan: 2 sub-questions
2026-04-29 14:23:48,791 - INFO - 
Processing sub-question 1: What state is the Fishing Creek Confederacy located in?
2026-04-29 14:23:48,856 - INFO - 🔍 Analysis-Answer Agent: Starting information analysis
2026-04-29 14:23:59,076 - INFO - HTTP Request: POST http://127.0.0.1:8002/v1/chat/completions "HTTP/1.1 200 OK"
2026-04-29 14:23:59,078 - INFO - Analysis result: status=yes
2026-04-29 14:23:59,078 - INFO - ✅ Sub-question 1 succeeded: Pennsylvania
2026-04-29 14:23:59,078 - INFO - 
Processing sub-question 2: What mountains can be seen from Portland in Pennsylvania?
2026-04-29 14:23:59,154 - INFO - 🔍 Analysis-Answer Agent: Starting information analysis
2026-04-29 14:24:11,435 - INFO - HTTP Request: POST http://127.0.0.1:8002/v1/chat/completions "HTTP/1.1 200 OK"
2026-04-29 14:24:11,436 - INFO - Analysis result: status=no
2026-04-29 14:24:11,436 - INFO - Insufficient information, attempting query rewrite (attempt 1/2)
2026-04-29 14:24:11,436 - INFO - ✏️ Rewrite Agent: Starting query rewrite
2026-04-29 14:24:21,925 - INFO - HTTP Request: POST http://127.0.0.1:8002/v1/chat/completions "HTTP/1.1 200 OK"
2026-04-29 14:24:21,926 - INFO - Rewrite strategy: Explicitly specified 'Portland, Pennsylvania' to differentiate from Portland, Oregon, while incorporating geographic terms like 'mountain ranges' and 'scenic views' to capture alternative phrasings and contextual relationships
2026-04-29 14:24:21,997 - INFO - 🔍 Analysis-Answer Agent: Starting information analysis
2026-04-29 14:24:35,687 - INFO - HTTP Request: POST http://127.0.0.1:8002/v1/chat/completions "HTTP/1.1 200 OK"
2026-04-29 14:24:35,688 - INFO - Analysis result: status=no
2026-04-29 14:24:35,688 - INFO - Insufficient information, attempting query rewrite (attempt 2/2)
2026-04-29 14:24:35,688 - INFO - ✏️ Rewrite Agent: Starting query rewrite
2026-04-29 14:24:51,959 - INFO - HTTP Request: POST http://127.0.0.1:8002/v1/chat/completions "HTTP/1.1 200 OK"
2026-04-29 14:24:51,960 - INFO - Rewrite strategy: Specified location with state abbreviation (PA) to differentiate from Oregon's Portland, included synonyms like 'mountain views' and 'mountain ranges' for broader coverage
2026-04-29 14:24:52,042 - INFO - 🔍 Analysis-Answer Agent: Starting information analysis
2026-04-29 14:25:07,435 - INFO - HTTP Request: POST http://127.0.0.1:8002/v1/chat/completions "HTTP/1.1 200 OK"
2026-04-29 14:25:07,436 - INFO - Analysis result: status=no
2026-04-29 14:25:07,436 - WARNING - ❌ Sub-question 2 failed: The retrieved documents mention mountains visible from Portland, Oregon (e.g., Mt. Hood, Mt. St. Helens, and the Cascade Range), but there is no information about Portland, Pennsylvania or mountains visible from that location. The documents do not address the specific query about Pennsylvania's Portland.
2026-04-29 14:25:07,436 - INFO - 
==================================================
2026-04-29 14:25:07,436 - INFO - Final answer: Pennsylvania
2026-04-29 14:25:07,436 - INFO - Total time: 108.19 seconds
2026-04-29 14:25:07,436 - INFO - Retrieval rounds: 4
2026-04-29 14:25:07,436 - INFO - Execution traces: 7
2026-04-29 14:25:07,436 - INFO - ==================================================

2026-04-29 14:25:07,437 - INFO - 
==================================================
Processing question: When was Burma's name changed to that of the country on the natural boundary between the country that hosted the tournament and the country where That Dam is from?
==================================================
2026-04-29 14:25:07,437 - INFO - 🎯 PLAN Agent: Starting question decomposition
2026-04-29 14:25:58,599 - INFO - HTTP Request: POST http://127.0.0.1:8002/v1/chat/completions "HTTP/1.1 200 OK"
2026-04-29 14:25:58,600 - INFO - Generated plan: 1 sub-questions
2026-04-29 14:25:58,600 - INFO - 
Processing sub-question 1: When was Burma's name changed to that of the country on the natural boundary between the country that hosted the tournament and the country where That Dam is from?
2026-04-29 14:25:58,678 - INFO - 🔍 Analysis-Answer Agent: Starting information analysis
2026-04-29 14:26:57,159 - INFO - HTTP Request: POST http://127.0.0.1:8002/v1/chat/completions "HTTP/1.1 200 OK"
2026-04-29 14:26:57,160 - INFO - Analysis result: status=no
2026-04-29 14:26:57,160 - INFO - Insufficient information, attempting query rewrite (attempt 1/2)
2026-04-29 14:26:57,160 - INFO - ✏️ Rewrite Agent: Starting query rewrite
2026-04-29 14:27:16,284 - INFO - HTTP Request: POST http://127.0.0.1:8002/v1/chat/completions "HTTP/1.1 200 OK"
2026-04-29 14:27:16,285 - INFO - Rewrite strategy: Focused on core entities (Burma/Myanmar name change) while simplifying ambiguous phrasing about tournaments and dams. Used synonyms for 'name change' and clarified spatial relationships
2026-04-29 14:27:16,368 - INFO - 🔍 Analysis-Answer Agent: Starting information analysis
2026-04-29 14:28:15,174 - INFO - HTTP Request: POST http://127.0.0.1:8002/v1/chat/completions "HTTP/1.1 200 OK"
2026-04-29 14:28:15,175 - INFO - Analysis result: status=no
2026-04-29 14:28:15,175 - INFO - Insufficient information, attempting query rewrite (attempt 2/2)
2026-04-29 14:28:15,175 - INFO - ✏️ Rewrite Agent: Starting query rewrite
2026-04-29 14:28:36,381 - INFO - HTTP Request: POST http://127.0.0.1:8002/v1/chat/completions "HTTP/1.1 200 OK"
2026-04-29 14:28:36,382 - INFO - Rewrite strategy: Simplified complex relationships by focusing on core entities (Burma/Myanmar name change) and clarified ambiguous terms like 'That Dam' to 'significant dam' while retaining contextual clues about geographic boundaries and tournaments.
2026-04-29 14:28:36,457 - INFO - 🔍 Analysis-Answer Agent: Starting information analysis
2026-04-29 14:29:30,177 - INFO - HTTP Request: POST http://127.0.0.1:8002/v1/chat/completions "HTTP/1.1 200 OK"
2026-04-29 14:29:30,178 - INFO - Analysis result: status=yes
2026-04-29 14:29:30,179 - INFO - ✅ Sub-question 1 succeeded: 1989
2026-04-29 14:29:30,179 - INFO - 
==================================================
2026-04-29 14:29:30,179 - INFO - Final answer: 1989
2026-04-29 14:29:30,179 - INFO - Total time: 262.74 seconds
2026-04-29 14:29:30,179 - INFO - Retrieval rounds: 3
2026-04-29 14:29:30,179 - INFO - Execution traces: 6
2026-04-29 14:29:30,179 - INFO - ==================================================

2026-04-29 14:29:30,179 - INFO - 
==================================================
Processing question: When did the maker of the Acura EL, the company that owns Scion, and Nissan, open US assembly plants?
==================================================
2026-04-29 14:29:30,179 - INFO - 🎯 PLAN Agent: Starting question decomposition
2026-04-29 14:30:21,522 - INFO - HTTP Request: POST http://127.0.0.1:8002/v1/chat/completions "HTTP/1.1 200 OK"
2026-04-29 14:30:21,523 - INFO - Generated plan: 1 sub-questions
2026-04-29 14:30:21,523 - INFO - 
Processing sub-question 1: When did the maker of the Acura EL, the company that owns Scion, and Nissan, open US assembly plants?
2026-04-29 14:30:21,608 - INFO - 🔍 Analysis-Answer Agent: Starting information analysis
2026-04-29 14:30:53,772 - INFO - HTTP Request: POST http://127.0.0.1:8002/v1/chat/completions "HTTP/1.1 200 OK"
2026-04-29 14:30:53,773 - INFO - Analysis result: status=no
2026-04-29 14:30:53,773 - INFO - Insufficient information, attempting query rewrite (attempt 1/2)
2026-04-29 14:30:53,773 - INFO - ✏️ Rewrite Agent: Starting query rewrite
2026-04-29 14:31:09,138 - INFO - HTTP Request: POST http://127.0.0.1:8002/v1/chat/completions "HTTP/1.1 200 OK"
2026-04-29 14:31:09,139 - INFO - Rewrite strategy: Expanded entity specificity by explicitly naming the three automakers (Honda, Toyota, Nissan) instead of relying on indirect references. Incorporated contextual factors (VES, oil crisis) to narrow results while retaining temporal focus on establishment dates.
2026-04-29 14:31:09,210 - INFO - 🔍 Analysis-Answer Agent: Starting information analysis
2026-04-29 14:31:44,729 - INFO - HTTP Request: POST http://127.0.0.1:8002/v1/chat/completions "HTTP/1.1 200 OK"
2026-04-29 14:31:44,730 - INFO - Analysis result: status=yes
2026-04-29 14:31:44,730 - INFO - ✅ Sub-question 1 succeeded: Honda (maker of Acura EL), Toyota (owner of Scion), and Nissan opened US assembly plants in the early 1980s, specifically around 1981-1982, as mentioned in the documents. This was influenced by the 1973 oil crisis and the 1981 voluntary export restraints.
2026-04-29 14:31:44,730 - INFO - 
==================================================
2026-04-29 14:31:44,730 - INFO - Final answer: Honda (maker of Acura EL), Toyota (owner of Scion), and Nissan opened US assembly plants in the early 1980s, specifically around 1981-1982, as mentioned in the documents. This was influenced by the 1973 oil crisis and the 1981 voluntary export restraints.
2026-04-29 14:31:44,730 - INFO - Total time: 134.55 seconds
2026-04-29 14:31:44,730 - INFO - Retrieval rounds: 2
2026-04-29 14:31:44,730 - INFO - Execution traces: 4
2026-04-29 14:31:44,730 - INFO - ==================================================

2026-04-29 14:31:44,731 - INFO - 
==================================================
Processing question: What dissolved the privileges in Poland of the empire that the British sided with against the Ottomans, the Kingdom that acquired some Thuringian territory in 1815, and the Habsburg Monarchy?
==================================================
2026-04-29 14:31:44,731 - INFO - 🎯 PLAN Agent: Starting question decomposition
2026-04-29 14:32:36,055 - INFO - HTTP Request: POST http://127.0.0.1:8002/v1/chat/completions "HTTP/1.1 200 OK"
2026-04-29 14:32:36,056 - INFO - Generated plan: 1 sub-questions
2026-04-29 14:32:36,056 - INFO - 
Processing sub-question 1: What dissolved the privileges in Poland of the empire that the British sided with against the Ottomans, the Kingdom that acquired some Thuringian territory in 1815, and the Habsburg Monarchy?
2026-04-29 14:32:36,144 - INFO - 🔍 Analysis-Answer Agent: Starting information analysis
2026-04-29 14:33:16,088 - INFO - HTTP Request: POST http://127.0.0.1:8002/v1/chat/completions "HTTP/1.1 200 OK"
2026-04-29 14:33:16,089 - INFO - Analysis result: status=yes
2026-04-29 14:33:16,089 - INFO - ✅ Sub-question 1 succeeded: The partitions of Poland in 1795 dissolved the privileges in Poland of the szlachta (nobility), which were subsequently dependent on the policies of the Russian Empire, the Kingdom of Prussia, and the Habsburg Monarchy. The British Empire's alignment with the Habsburg Monarchy against the Ottomans (e.g., during the Crimean War) and the Kingdom of Prussia's acquisition of Thuringian territory at the Congress of Vienna (1815) are separate events, but the dissolution of Polish privileges directly relates to the 1795 partitions.
2026-04-29 14:33:16,090 - INFO - 
==================================================
2026-04-29 14:33:16,090 - INFO - Final answer: The partitions of Poland in 1795 dissolved the privileges in Poland of the szlachta (nobility), which were subsequently dependent on the policies of the Russian Empire, the Kingdom of Prussia, and the Habsburg Monarchy. The British Empire's alignment with the Habsburg Monarchy against the Ottomans (e.g., during the Crimean War) and the Kingdom of Prussia's acquisition of Thuringian territory at the Congress of Vienna (1815) are separate events, but the dissolution of Polish privileges directly relates to the 1795 partitions.
2026-04-29 14:33:16,090 - INFO - Total time: 91.36 seconds
2026-04-29 14:33:16,090 - INFO - Retrieval rounds: 1
2026-04-29 14:33:16,090 - INFO - Execution traces: 2
2026-04-29 14:33:16,090 - INFO - ==================================================

2026-04-29 14:33:16,090 - INFO - 
==================================================
Processing question: When did the political party of Stewart and Harlan take control of the body that has Standing Rules derived from Article One that do not apply to the House?
==================================================
2026-04-29 14:33:16,090 - INFO - 🎯 PLAN Agent: Starting question decomposition
2026-04-29 14:33:28,904 - INFO - HTTP Request: POST http://127.0.0.1:8002/v1/chat/completions "HTTP/1.1 200 OK"
2026-04-29 14:33:28,905 - INFO - Generated plan: 2 sub-questions
2026-04-29 14:33:28,906 - INFO - 
Processing sub-question 1: What is the political party of Stewart and Harlan?
2026-04-29 14:33:28,980 - INFO - 🔍 Analysis-Answer Agent: Starting information analysis
2026-04-29 14:33:36,585 - INFO - HTTP Request: POST http://127.0.0.1:8002/v1/chat/completions "HTTP/1.1 200 OK"
2026-04-29 14:33:36,587 - INFO - Analysis result: status=yes
2026-04-29 14:33:36,587 - INFO - ✅ Sub-question 1 succeeded: Conservative Republicans
2026-04-29 14:33:36,587 - INFO - 
Processing sub-question 2: When did Conservative Republicans take control of the Senate?
2026-04-29 14:33:36,662 - INFO - 🔍 Analysis-Answer Agent: Starting information analysis
2026-04-29 14:33:54,575 - INFO - HTTP Request: POST http://127.0.0.1:8002/v1/chat/completions "HTTP/1.1 200 OK"
2026-04-29 14:33:54,576 - INFO - Analysis result: status=yes
2026-04-29 14:33:54,576 - INFO - ✅ Sub-question 2 succeeded: January 2015
2026-04-29 14:33:54,576 - INFO - 
==================================================
2026-04-29 14:33:54,576 - INFO - Final answer: January 2015
2026-04-29 14:33:54,576 - INFO - Total time: 38.49 seconds
2026-04-29 14:33:54,576 - INFO - Retrieval rounds: 2
2026-04-29 14:33:54,576 - INFO - Execution traces: 3
2026-04-29 14:33:54,576 - INFO - ==================================================

2026-04-29 14:33:54,577 - INFO - 
==================================================
Processing question: Who is the grandmother of Philippe, Duke of Orléans?
==================================================
2026-04-29 14:33:54,577 - INFO - 🎯 PLAN Agent: Starting question decomposition
2026-04-29 14:34:46,040 - INFO - HTTP Request: POST http://127.0.0.1:8002/v1/chat/completions "HTTP/1.1 200 OK"
2026-04-29 14:34:46,041 - INFO - Generated plan: 1 sub-questions
2026-04-29 14:34:46,041 - INFO - 
Processing sub-question 1: Who is the grandmother of Philippe, Duke of Orléans?
2026-04-29 14:34:46,125 - INFO - 🔍 Analysis-Answer Agent: Starting information analysis
2026-04-29 14:35:45,046 - INFO - HTTP Request: POST http://127.0.0.1:8002/v1/chat/completions "HTTP/1.1 200 OK"
2026-04-29 14:35:45,048 - INFO - Analysis result: status=no
2026-04-29 14:35:45,048 - INFO - Insufficient information, attempting query rewrite (attempt 1/2)
2026-04-29 14:35:45,048 - INFO - ✏️ Rewrite Agent: Starting query rewrite
2026-04-29 14:36:06,288 - INFO - HTTP Request: POST http://127.0.0.1:8002/v1/chat/completions "HTTP/1.1 200 OK"
2026-04-29 14:36:06,289 - INFO - Rewrite strategy: Expanded keywords with synonyms (maternal grandmother, ancestry, family tree) and alternative titles (Count of Paris) to improve search relevance while maintaining focus on the core relationship and historical context.
2026-04-29 14:36:06,362 - INFO - 🔍 Analysis-Answer Agent: Starting information analysis
2026-04-29 14:37:05,277 - INFO - HTTP Request: POST http://127.0.0.1:8002/v1/chat/completions "HTTP/1.1 200 OK"
2026-04-29 14:37:05,279 - INFO - Analysis result: status=no
2026-04-29 14:37:05,279 - INFO - Insufficient information, attempting query rewrite (attempt 2/2)
2026-04-29 14:37:05,279 - INFO - ✏️ Rewrite Agent: Starting query rewrite
2026-04-29 14:37:22,039 - INFO - HTTP Request: POST http://127.0.0.1:8002/v1/chat/completions "HTTP/1.1 200 OK"
2026-04-29 14:37:22,040 - INFO - Rewrite strategy: Expanded with alternative titles (Philippe II), specified 'maternal' to clarify relation, added 'French royal family' for context, and included 'ancestry' to capture broader genealogical search terms
2026-04-29 14:37:22,117 - INFO - 🔍 Analysis-Answer Agent: Starting information analysis
2026-04-29 14:38:20,245 - INFO - HTTP Request: POST http://127.0.0.1:8002/v1/chat/completions "HTTP/1.1 200 OK"
2026-04-29 14:38:20,246 - INFO - Analysis result: status=no
2026-04-29 14:38:20,246 - WARNING - ❌ Sub-question 1 failed: Failed to parse response, information may be insufficient
2026-04-29 14:38:20,246 - INFO - 
==================================================
2026-04-29 14:38:20,246 - INFO - Final answer: Unable to find answer
2026-04-29 14:38:20,246 - INFO - Total time: 265.67 seconds
2026-04-29 14:38:20,246 - INFO - Retrieval rounds: 3
2026-04-29 14:38:20,246 - INFO - Execution traces: 6
2026-04-29 14:38:20,246 - INFO - ==================================================

2026-04-29 14:38:20,247 - INFO - 
==================================================
Processing question: Who's the son of the Italian navigator who explored the eastern coast of the continent Manuel Balbi was born in?
==================================================
2026-04-29 14:38:20,247 - INFO - 🎯 PLAN Agent: Starting question decomposition
2026-04-29 14:39:11,559 - INFO - HTTP Request: POST http://127.0.0.1:8002/v1/chat/completions "HTTP/1.1 200 OK"
2026-04-29 14:39:11,560 - INFO - Generated plan: 2 sub-questions
2026-04-29 14:39:11,560 - INFO - 
Processing sub-question 1: First sub-question to answer
2026-04-29 14:39:11,618 - INFO - 🔍 Analysis-Answer Agent: Starting information analysis
2026-04-29 14:39:21,038 - INFO - HTTP Request: POST http://127.0.0.1:8002/v1/chat/completions "HTTP/1.1 200 OK"
2026-04-29 14:39:21,039 - INFO - Analysis result: status=no
2026-04-29 14:39:21,039 - INFO - Insufficient information, attempting query rewrite (attempt 1/2)
2026-04-29 14:39:21,039 - INFO - ✏️ Rewrite Agent: Starting query rewrite
2026-04-29 14:39:46,536 - INFO - HTTP Request: POST http://127.0.0.1:8002/v1/chat/completions "HTTP/1.1 200 OK"
2026-04-29 14:39:46,537 - INFO - Rewrite strategy: default expansion
2026-04-29 14:39:46,610 - INFO - 🔍 Analysis-Answer Agent: Starting information analysis
2026-04-29 14:39:54,912 - INFO - HTTP Request: POST http://127.0.0.1:8002/v1/chat/completions "HTTP/1.1 200 OK"
2026-04-29 14:39:54,913 - INFO - Analysis result: status=no
2026-04-29 14:39:54,913 - INFO - Insufficient information, attempting query rewrite (attempt 2/2)
2026-04-29 14:39:54,913 - INFO - ✏️ Rewrite Agent: Starting query rewrite
2026-04-29 14:40:13,103 - INFO - HTTP Request: POST http://127.0.0.1:8002/v1/chat/completions "HTTP/1.1 200 OK"
2026-04-29 14:40:13,104 - INFO - Rewrite strategy: Rephrased the vague query into a standard question format while expanding keywords related to sub-questions and answering processes
2026-04-29 14:40:13,171 - INFO - 🔍 Analysis-Answer Agent: Starting information analysis
2026-04-29 14:40:22,904 - INFO - HTTP Request: POST http://127.0.0.1:8002/v1/chat/completions "HTTP/1.1 200 OK"
2026-04-29 14:40:22,905 - INFO - Analysis result: status=no
2026-04-29 14:40:22,905 - WARNING - ❌ Sub-question 1 failed: The sub-question is missing, making it impossible to determine what specific information is required. The retrieved documents contain general information about political elections, education, and other topics, but without a clear question, analysis cannot be performed.
2026-04-29 14:40:22,905 - WARNING - ⏭️ Skipping sub-question 2 due to missing dependencies: [1]
2026-04-29 14:40:22,905 - INFO - 
==================================================
2026-04-29 14:40:22,905 - INFO - Final answer: Unable to find answer
2026-04-29 14:40:22,905 - INFO - Total time: 122.66 seconds
2026-04-29 14:40:22,905 - INFO - Retrieval rounds: 3
2026-04-29 14:40:22,905 - INFO - Execution traces: 6
2026-04-29 14:40:22,905 - INFO - ==================================================

2026-04-29 14:40:22,906 - INFO - 
==================================================
Processing question: What is the deepest part of the ocean by the state where Main Street Station is located?
==================================================
2026-04-29 14:40:22,906 - INFO - 🎯 PLAN Agent: Starting question decomposition
2026-04-29 14:40:44,091 - INFO - HTTP Request: POST http://127.0.0.1:8002/v1/chat/completions "HTTP/1.1 200 OK"
2026-04-29 14:40:44,092 - INFO - Generated plan: 2 sub-questions
2026-04-29 14:40:44,092 - INFO - 
Processing sub-question 1: What state is Main Street Station located in?
2026-04-29 14:40:44,158 - INFO - 🔍 Analysis-Answer Agent: Starting information analysis
2026-04-29 14:40:54,015 - INFO - HTTP Request: POST http://127.0.0.1:8002/v1/chat/completions "HTTP/1.1 200 OK"
2026-04-29 14:40:54,016 - INFO - Analysis result: status=yes
2026-04-29 14:40:54,016 - INFO - ✅ Sub-question 1 succeeded: Virginia
2026-04-29 14:40:54,017 - INFO - 
Processing sub-question 2: What is the deepest part of the ocean in Virginia?
2026-04-29 14:40:54,088 - INFO - 🔍 Analysis-Answer Agent: Starting information analysis
2026-04-29 14:41:07,465 - INFO - HTTP Request: POST http://127.0.0.1:8002/v1/chat/completions "HTTP/1.1 200 OK"
2026-04-29 14:41:07,466 - INFO - Analysis result: status=no
2026-04-29 14:41:07,466 - INFO - Insufficient information, attempting query rewrite (attempt 1/2)
2026-04-29 14:41:07,466 - INFO - ✏️ Rewrite Agent: Starting query rewrite
2026-04-29 14:41:24,648 - INFO - HTTP Request: POST http://127.0.0.1:8002/v1/chat/completions "HTTP/1.1 200 OK"
2026-04-29 14:41:24,650 - INFO - Rewrite strategy: Expanded keywords to specifically target Virginia's coastal geography, included synonyms for 'deepest' (maximum depth), and added geographic context (territorial waters, Atlantic Ocean) to link depth data to Virginia's marine features
2026-04-29 14:41:24,720 - INFO - 🔍 Analysis-Answer Agent: Starting information analysis
2026-04-29 14:41:50,001 - INFO - HTTP Request: POST http://127.0.0.1:8002/v1/chat/completions "HTTP/1.1 200 OK"
2026-04-29 14:41:50,002 - INFO - Analysis result: status=no
2026-04-29 14:41:50,002 - INFO - Insufficient information, attempting query rewrite (attempt 2/2)
2026-04-29 14:41:50,002 - INFO - ✏️ Rewrite Agent: Starting query rewrite
2026-04-29 14:42:04,050 - INFO - HTTP Request: POST http://127.0.0.1:8002/v1/chat/completions "HTTP/1.1 200 OK"
2026-04-29 14:42:04,051 - INFO - Rewrite strategy: Expanded keywords to include geographical boundaries (territorial waters, coastal), legal jurisdiction terms, and marine features while maintaining focus on Virginia's specific oceanic regions
2026-04-29 14:42:04,126 - INFO - 🔍 Analysis-Answer Agent: Starting information analysis
2026-04-29 14:42:30,107 - INFO - HTTP Request: POST http://127.0.0.1:8002/v1/chat/completions "HTTP/1.1 200 OK"
2026-04-29 14:42:30,109 - INFO - Analysis result: status=no
2026-04-29 14:42:30,109 - WARNING - ❌ Sub-question 2 failed: The retrieved documents mention the Mariana Trench (deepest in the world's oceans) and the Puerto Rico Trench (deepest in the Atlantic Ocean), but none specify the deepest part of the ocean within Virginia's coastal waters. While Virginia is bordered by the Atlantic Ocean, the documents do not provide data on specific ocean depths or trenches located within Virginia's territorial waters. Thus, the necessary information to answer the question is lacking.
2026-04-29 14:42:30,109 - INFO - 
==================================================
2026-04-29 14:42:30,109 - INFO - Final answer: Virginia
2026-04-29 14:42:30,109 - INFO - Total time: 127.20 seconds
2026-04-29 14:42:30,109 - INFO - Retrieval rounds: 4
2026-04-29 14:42:30,109 - INFO - Execution traces: 7
2026-04-29 14:42:30,109 - INFO - ==================================================

2026-04-29 14:42:30,109 - INFO - 
==================================================
Processing question: What is the name of the castle in the city where the performer of Never Too Loud was formed?
==================================================
2026-04-29 14:42:30,109 - INFO - 🎯 PLAN Agent: Starting question decomposition
2026-04-29 14:43:20,930 - INFO - HTTP Request: POST http://127.0.0.1:8002/v1/chat/completions "HTTP/1.1 200 OK"
2026-04-29 14:43:20,932 - INFO - Generated plan: 3 sub-questions
2026-04-29 14:43:20,932 - INFO - 
Processing sub-question 1: Who is the performer of 'Never Too Loud'?
2026-04-29 14:43:21,000 - INFO - 🔍 Analysis-Answer Agent: Starting information analysis
2026-04-29 14:43:33,158 - INFO - HTTP Request: POST http://127.0.0.1:8002/v1/chat/completions "HTTP/1.1 200 OK"
2026-04-29 14:43:33,159 - INFO - Analysis result: status=yes
2026-04-29 14:43:33,160 - INFO - ✅ Sub-question 1 succeeded: Danko Jones
2026-04-29 14:43:33,160 - INFO - 
Processing sub-question 2: Where was Danko Jones formed?
2026-04-29 14:43:33,231 - INFO - 🔍 Analysis-Answer Agent: Starting information analysis
2026-04-29 14:43:44,216 - INFO - HTTP Request: POST http://127.0.0.1:8002/v1/chat/completions "HTTP/1.1 200 OK"
2026-04-29 14:43:44,218 - INFO - Analysis result: status=yes
2026-04-29 14:43:44,218 - INFO - ✅ Sub-question 2 succeeded: Toronto, Ontario, Canada
2026-04-29 14:43:44,218 - INFO - 
Processing sub-question 3: What is the name of the castle in Toronto, Ontario, Canada?
2026-04-29 14:43:44,291 - INFO - 🔍 Analysis-Answer Agent: Starting information analysis
2026-04-29 14:43:55,606 - INFO - HTTP Request: POST http://127.0.0.1:8002/v1/chat/completions "HTTP/1.1 200 OK"
2026-04-29 14:43:55,608 - INFO - Analysis result: status=yes
2026-04-29 14:43:55,608 - INFO - ✅ Sub-question 3 succeeded: Casa Loma
2026-04-29 14:43:55,608 - INFO - 
==================================================
2026-04-29 14:43:55,608 - INFO - Final answer: Casa Loma
2026-04-29 14:43:55,608 - INFO - Total time: 85.50 seconds
2026-04-29 14:43:55,608 - INFO - Retrieval rounds: 3
2026-04-29 14:43:55,608 - INFO - Execution traces: 4
2026-04-29 14:43:55,608 - INFO - ==================================================

2026-04-29 14:43:55,608 - INFO - 
==================================================
Processing question: Who has the most hits in the league whose member team has the most wins of the championship series which proceeds the MVP award?
==================================================
2026-04-29 14:43:55,608 - INFO - 🎯 PLAN Agent: Starting question decomposition
2026-04-29 14:44:46,746 - INFO - HTTP Request: POST http://127.0.0.1:8002/v1/chat/completions "HTTP/1.1 200 OK"
2026-04-29 14:44:46,748 - INFO - Generated plan: 1 sub-questions
2026-04-29 14:44:46,748 - INFO - 
Processing sub-question 1: Who has the most hits in the league whose member team has the most wins of the championship series which proceeds the MVP award?
2026-04-29 14:44:46,828 - INFO - 🔍 Analysis-Answer Agent: Starting information analysis
2026-04-29 14:45:46,249 - INFO - HTTP Request: POST http://127.0.0.1:8002/v1/chat/completions "HTTP/1.1 200 OK"
2026-04-29 14:45:46,251 - INFO - Analysis result: status=no
2026-04-29 14:45:46,251 - INFO - Insufficient information, attempting query rewrite (attempt 1/2)
2026-04-29 14:45:46,251 - INFO - ✏️ Rewrite Agent: Starting query rewrite
2026-04-29 14:46:05,440 - INFO - HTTP Request: POST http://127.0.0.1:8002/v1/chat/completions "HTTP/1.1 200 OK"
2026-04-29 14:46:05,441 - INFO - Rewrite strategy: Simplified complex phrasing, clarified temporal relationship between championship series and MVP award, and used synonyms for 'proceeds' (recognized before). Maintained core entities: hits, league, championship series, MVP award.
2026-04-29 14:46:05,526 - INFO - 🔍 Analysis-Answer Agent: Starting information analysis
2026-04-29 14:47:04,790 - INFO - HTTP Request: POST http://127.0.0.1:8002/v1/chat/completions "HTTP/1.1 200 OK"
2026-04-29 14:47:04,791 - INFO - Analysis result: status=no
2026-04-29 14:47:04,792 - INFO - Insufficient information, attempting query rewrite (attempt 2/2)
2026-04-29 14:47:04,792 - INFO - ✏️ Rewrite Agent: Starting query rewrite
2026-04-29 14:47:22,392 - INFO - HTTP Request: POST http://127.0.0.1:8002/v1/chat/completions "HTTP/1.1 200 OK"
2026-04-29 14:47:22,393 - INFO - Rewrite strategy: Simplified complex phrasing, specified sport (baseball) for context, and clarified temporal relationship between championship series and MVP award
2026-04-29 14:47:22,469 - INFO - 🔍 Analysis-Answer Agent: Starting information analysis
2026-04-29 14:48:21,476 - INFO - HTTP Request: POST http://127.0.0.1:8002/v1/chat/completions "HTTP/1.1 200 OK"
2026-04-29 14:48:21,478 - INFO - Analysis result: status=no
2026-04-29 14:48:21,478 - WARNING - ❌ Sub-question 1 failed: Failed to parse response, information may be insufficient
2026-04-29 14:48:21,478 - INFO - 
==================================================
2026-04-29 14:48:21,478 - INFO - Final answer: Unable to find answer
2026-04-29 14:48:21,478 - INFO - Total time: 265.87 seconds
2026-04-29 14:48:21,478 - INFO - Retrieval rounds: 3
2026-04-29 14:48:21,478 - INFO - Execution traces: 6
2026-04-29 14:48:21,478 - INFO - ==================================================

2026-04-29 14:48:21,479 - INFO - 
==================================================
Processing question: Which university employed the person that Mach bands are named after?
==================================================
2026-04-29 14:48:21,479 - INFO - 🎯 PLAN Agent: Starting question decomposition
2026-04-29 14:48:35,077 - INFO - HTTP Request: POST http://127.0.0.1:8002/v1/chat/completions "HTTP/1.1 200 OK"
2026-04-29 14:48:35,078 - INFO - Generated plan: 2 sub-questions
2026-04-29 14:48:35,078 - INFO - 
Processing sub-question 1: Who is the person after whom Mach bands are named?
2026-04-29 14:48:35,146 - INFO - 🔍 Analysis-Answer Agent: Starting information analysis
2026-04-29 14:48:46,894 - INFO - HTTP Request: POST http://127.0.0.1:8002/v1/chat/completions "HTTP/1.1 200 OK"
2026-04-29 14:48:46,895 - INFO - Analysis result: status=yes
2026-04-29 14:48:46,895 - INFO - ✅ Sub-question 1 succeeded: Ernst Mach
2026-04-29 14:48:46,895 - INFO - 
Processing sub-question 2: Which university employed Ernst Mach?
2026-04-29 14:48:46,957 - INFO - 🔍 Analysis-Answer Agent: Starting information analysis
2026-04-29 14:49:01,823 - INFO - HTTP Request: POST http://127.0.0.1:8002/v1/chat/completions "HTTP/1.1 200 OK"
2026-04-29 14:49:01,824 - INFO - Analysis result: status=yes
2026-04-29 14:49:01,824 - INFO - ✅ Sub-question 2 succeeded: Charles University in Prague
2026-04-29 14:49:01,824 - INFO - 
==================================================
2026-04-29 14:49:01,824 - INFO - Final answer: Charles University in Prague
2026-04-29 14:49:01,824 - INFO - Total time: 40.35 seconds
2026-04-29 14:49:01,824 - INFO - Retrieval rounds: 2
2026-04-29 14:49:01,824 - INFO - Execution traces: 3
2026-04-29 14:49:01,824 - INFO - ==================================================

2026-04-29 14:49:01,825 - INFO - 
==================================================
Processing question: What is the maximum load drawn by the device that was designed to standardize connection of computer peripherals?
==================================================
2026-04-29 14:49:01,825 - INFO - 🎯 PLAN Agent: Starting question decomposition
2026-04-29 14:49:12,211 - INFO - HTTP Request: POST http://127.0.0.1:8002/v1/chat/completions "HTTP/1.1 200 OK"
2026-04-29 14:49:12,213 - INFO - Generated plan: 2 sub-questions
2026-04-29 14:49:12,213 - INFO - 
Processing sub-question 1: What is the name of the device designed to standardize the connection of computer peripherals?
2026-04-29 14:49:12,288 - INFO - 🔍 Analysis-Answer Agent: Starting information analysis
2026-04-29 14:49:22,905 - INFO - HTTP Request: POST http://127.0.0.1:8002/v1/chat/completions "HTTP/1.1 200 OK"
2026-04-29 14:49:22,906 - INFO - Analysis result: status=yes
2026-04-29 14:49:22,906 - INFO - ✅ Sub-question 1 succeeded: USB
2026-04-29 14:49:22,906 - INFO - 
Processing sub-question 2: What is the maximum load drawn by USB?
2026-04-29 14:49:22,977 - INFO - 🔍 Analysis-Answer Agent: Starting information analysis
2026-04-29 14:49:38,695 - INFO - HTTP Request: POST http://127.0.0.1:8002/v1/chat/completions "HTTP/1.1 200 OK"
2026-04-29 14:49:38,697 - INFO - Analysis result: status=yes
2026-04-29 14:49:38,697 - INFO - ✅ Sub-question 2 succeeded: The maximum load drawn by USB depends on the version: USB 1.x/2.0 allows up to 500 mA (5 unit loads), USB 3.0 allows up to 900 mA (6 unit loads), and the USB Battery Charging Specification (Rev 1.2) permits up to 5 A for certain configurations.
2026-04-29 14:49:38,697 - INFO - 
==================================================
2026-04-29 14:49:38,697 - INFO - Final answer: The maximum load drawn by USB depends on the version: USB 1.x/2.0 allows up to 500 mA (5 unit loads), USB 3.0 allows up to 900 mA (6 unit loads), and the USB Battery Charging Specification (Rev 1.2) permits up to 5 A for certain configurations.
2026-04-29 14:49:38,697 - INFO - Total time: 36.87 seconds
2026-04-29 14:49:38,697 - INFO - Retrieval rounds: 2
2026-04-29 14:49:38,697 - INFO - Execution traces: 3
2026-04-29 14:49:38,697 - INFO - ==================================================

2026-04-29 14:49:38,697 - INFO - 
==================================================
Processing question: Where is the headquarters of the organization that the Office of Science Education is a part of?
==================================================
2026-04-29 14:49:38,697 - INFO - 🎯 PLAN Agent: Starting question decomposition
2026-04-29 14:49:47,563 - INFO - HTTP Request: POST http://127.0.0.1:8002/v1/chat/completions "HTTP/1.1 200 OK"
2026-04-29 14:49:47,564 - INFO - Generated plan: 2 sub-questions
2026-04-29 14:49:47,564 - INFO - 
Processing sub-question 1: What is the parent organization of the Office of Science Education?
2026-04-29 14:49:47,642 - INFO - 🔍 Analysis-Answer Agent: Starting information analysis
2026-04-29 14:49:59,352 - INFO - HTTP Request: POST http://127.0.0.1:8002/v1/chat/completions "HTTP/1.1 200 OK"
2026-04-29 14:49:59,353 - INFO - Analysis result: status=yes
2026-04-29 14:49:59,353 - INFO - ✅ Sub-question 1 succeeded: The United States National Institutes of Health (NIH)
2026-04-29 14:49:59,353 - INFO - 
Processing sub-question 2: What is the headquarters location of The United States National Institutes of Health (NIH)?
2026-04-29 14:49:59,420 - INFO - 🔍 Analysis-Answer Agent: Starting information analysis
2026-04-29 14:50:09,325 - INFO - HTTP Request: POST http://127.0.0.1:8002/v1/chat/completions "HTTP/1.1 200 OK"
2026-04-29 14:50:09,327 - INFO - Analysis result: status=yes
2026-04-29 14:50:09,327 - INFO - ✅ Sub-question 2 succeeded: Bethesda, MD
2026-04-29 14:50:09,327 - INFO - 
==================================================
2026-04-29 14:50:09,327 - INFO - Final answer: Bethesda, MD
2026-04-29 14:50:09,327 - INFO - Total time: 30.63 seconds
2026-04-29 14:50:09,327 - INFO - Retrieval rounds: 2
2026-04-29 14:50:09,327 - INFO - Execution traces: 3
2026-04-29 14:50:09,327 - INFO - ==================================================

2026-04-29 14:50:09,328 - INFO - 
==================================================
Processing question: Which countries found economic growth while cog-railways were built in the Alps?
==================================================
2026-04-29 14:50:09,328 - INFO - 🎯 PLAN Agent: Starting question decomposition
2026-04-29 14:50:45,885 - INFO - HTTP Request: POST http://127.0.0.1:8002/v1/chat/completions "HTTP/1.1 200 OK"
2026-04-29 14:50:45,886 - INFO - Generated plan: 2 sub-questions
2026-04-29 14:50:45,886 - INFO - 
Processing sub-question 1: When were cog-railways built in the Alps?
2026-04-29 14:50:45,957 - INFO - 🔍 Analysis-Answer Agent: Starting information analysis
2026-04-29 14:51:03,806 - INFO - HTTP Request: POST http://127.0.0.1:8002/v1/chat/completions "HTTP/1.1 200 OK"
2026-04-29 14:51:03,808 - INFO - Analysis result: status=yes
2026-04-29 14:51:03,808 - INFO - ✅ Sub-question 1 succeeded: Cog-railways in the Alps were built as early as the late 19th century, with specific examples like the Achensee Railway (opened in 1889) and the Schafberg Railway (opened in 1893) in Austria. Additionally, cog-railways were constructed early in the 20th century, as noted in the context of tourism development in the region.
2026-04-29 14:51:03,808 - INFO - 
Processing sub-question 2: Which countries experienced economic growth during Cog-railways in the Alps were built as early as the late 19th century, with specific examples like the Achensee Railway (opened in 1889) and the Schafberg Railway (opened in 1893) in Austria. Additionally, cog-railways were constructed early in the 20th century, as noted in the context of tourism development in the region.?
2026-04-29 14:51:03,903 - INFO - 🔍 Analysis-Answer Agent: Starting information analysis
2026-04-29 14:51:34,334 - INFO - HTTP Request: POST http://127.0.0.1:8002/v1/chat/completions "HTTP/1.1 200 OK"
2026-04-29 14:51:34,335 - INFO - Analysis result: status=no
2026-04-29 14:51:34,335 - INFO - Insufficient information, attempting query rewrite (attempt 1/2)
2026-04-29 14:51:34,335 - INFO - ✏️ Rewrite Agent: Starting query rewrite
2026-04-29 14:51:55,373 - INFO - HTTP Request: POST http://127.0.0.1:8002/v1/chat/completions "HTTP/1.1 200 OK"
2026-04-29 14:51:55,374 - INFO - Rewrite strategy: Focused on explicitly linking cog-railway construction to economic growth in Alpine regions by specifying timeframes, including direct examples, and incorporating related concepts like regional development and tourism growth
2026-04-29 14:51:55,469 - INFO - 🔍 Analysis-Answer Agent: Starting information analysis
2026-04-29 14:52:14,858 - INFO - HTTP Request: POST http://127.0.0.1:8002/v1/chat/completions "HTTP/1.1 200 OK"
2026-04-29 14:52:14,859 - INFO - Analysis result: status=no
2026-04-29 14:52:14,859 - INFO - Insufficient information, attempting query rewrite (attempt 2/2)
2026-04-29 14:52:14,859 - INFO - ✏️ Rewrite Agent: Starting query rewrite
2026-04-29 14:52:36,490 - INFO - HTTP Request: POST http://127.0.0.1:8002/v1/chat/completions "HTTP/1.1 200 OK"
2026-04-29 14:52:36,491 - INFO - Rewrite strategy: Explicitly link cog-railway construction to economic growth by adding terms like 'infrastructure development,' 'tourism impact,' and 'regional economic effects.' Include specific timeframes and examples to narrow results while maintaining contextual relevance.
2026-04-29 14:52:36,580 - INFO - 🔍 Analysis-Answer Agent: Starting information analysis
2026-04-29 14:52:56,901 - INFO - HTTP Request: POST http://127.0.0.1:8002/v1/chat/completions "HTTP/1.1 200 OK"
2026-04-29 14:52:56,902 - INFO - Analysis result: status=no
2026-04-29 14:52:56,902 - WARNING - ❌ Sub-question 2 failed: The retrieved documents mention the construction of cog-railways in Austria (e.g., Schafberg Railway in 1893) and their role in tourism development during the early 20th century. However, they do not explicitly link these railway projects to economic growth in specific countries during that period. While the documents discuss economic growth in other contexts (e.g., post-war recovery in Greece, Estonia's growth post-2008, or Portugal's infrastructure development in the 1970s/1990s), these are unrelated to the Alpine cog-railway construction era (late 19th to early 20th century). The necessary direct connection between the railways and economic growth in specific countries is absent.
2026-04-29 14:52:56,902 - INFO - 
==================================================
2026-04-29 14:52:56,902 - INFO - Final answer: Cog-railways in the Alps were built as early as the late 19th century, with specific examples like the Achensee Railway (opened in 1889) and the Schafberg Railway (opened in 1893) in Austria. Additionally, cog-railways were constructed early in the 20th century, as noted in the context of tourism development in the region.
2026-04-29 14:52:56,902 - INFO - Total time: 167.57 seconds
2026-04-29 14:52:56,903 - INFO - Retrieval rounds: 4
2026-04-29 14:52:56,903 - INFO - Execution traces: 7
2026-04-29 14:52:56,903 - INFO - ==================================================

2026-04-29 14:52:56,903 - INFO - 
==================================================
Processing question: Who is the chief judge of Friday Osanebi's birthplace?
==================================================
2026-04-29 14:52:56,903 - INFO - 🎯 PLAN Agent: Starting question decomposition
2026-04-29 14:53:07,978 - INFO - HTTP Request: POST http://127.0.0.1:8002/v1/chat/completions "HTTP/1.1 200 OK"
2026-04-29 14:53:07,979 - INFO - Generated plan: 2 sub-questions
2026-04-29 14:53:07,980 - INFO - 
Processing sub-question 1: Where was Friday Osanebi born?
2026-04-29 14:53:08,054 - INFO - 🔍 Analysis-Answer Agent: Starting information analysis
2026-04-29 14:53:20,073 - INFO - HTTP Request: POST http://127.0.0.1:8002/v1/chat/completions "HTTP/1.1 200 OK"
2026-04-29 14:53:20,074 - INFO - Analysis result: status=no
2026-04-29 14:53:20,074 - INFO - Insufficient information, attempting query rewrite (attempt 1/2)
2026-04-29 14:53:20,074 - INFO - ✏️ Rewrite Agent: Starting query rewrite
2026-04-29 14:53:31,174 - INFO - HTTP Request: POST http://127.0.0.1:8002/v1/chat/completions "HTTP/1.1 200 OK"
2026-04-29 14:53:31,175 - INFO - Rewrite strategy: Expanded keywords to include middle name 'Ossai,' synonyms for 'born' (birthplace, origin), and added political role to target biographical sources
2026-04-29 14:53:31,259 - INFO - 🔍 Analysis-Answer Agent: Starting information analysis
2026-04-29 14:53:57,503 - INFO - HTTP Request: POST http://127.0.0.1:8002/v1/chat/completions "HTTP/1.1 200 OK"
2026-04-29 14:53:57,504 - INFO - Analysis result: status=yes
2026-04-29 14:53:57,504 - INFO - ✅ Sub-question 1 succeeded: Delta State, Nigeria
2026-04-29 14:53:57,504 - INFO - 
Processing sub-question 2: Who is the chief judge of Delta State, Nigeria?
2026-04-29 14:53:57,581 - INFO - 🔍 Analysis-Answer Agent: Starting information analysis
2026-04-29 14:54:27,368 - INFO - HTTP Request: POST http://127.0.0.1:8002/v1/chat/completions "HTTP/1.1 200 OK"
2026-04-29 14:54:27,369 - INFO - Analysis result: status=yes
2026-04-29 14:54:27,369 - INFO - ✅ Sub-question 2 succeeded: Rosaline Patricia Irorefe Bozimo was appointed chief justice of Delta State, Nigeria, from 2003 to 2011. She was succeeded by Honorable Justice Abiodun Smith. However, the documents do not specify the current chief judge as of the latest information provided.
2026-04-29 14:54:27,369 - INFO - 
==================================================
2026-04-29 14:54:27,369 - INFO - Final answer: Rosaline Patricia Irorefe Bozimo was appointed chief justice of Delta State, Nigeria, from 2003 to 2011. She was succeeded by Honorable Justice Abiodun Smith. However, the documents do not specify the current chief judge as of the latest information provided.
2026-04-29 14:54:27,369 - INFO - Total time: 90.47 seconds
2026-04-29 14:54:27,369 - INFO - Retrieval rounds: 3
2026-04-29 14:54:27,369 - INFO - Execution traces: 5
2026-04-29 14:54:27,369 - INFO - ==================================================

2026-04-29 14:54:27,370 - INFO - 
==================================================
Processing question: When does the river that the majority of Egyptians live near flood each year?
==================================================
2026-04-29 14:54:27,370 - INFO - 🎯 PLAN Agent: Starting question decomposition
2026-04-29 14:54:36,124 - INFO - HTTP Request: POST http://127.0.0.1:8002/v1/chat/completions "HTTP/1.1 200 OK"
2026-04-29 14:54:36,125 - INFO - Generated plan: 2 sub-questions
2026-04-29 14:54:36,125 - INFO - 
Processing sub-question 1: Which river do the majority of Egyptians live near?
2026-04-29 14:54:36,200 - INFO - 🔍 Analysis-Answer Agent: Starting information analysis
2026-04-29 14:54:46,774 - INFO - HTTP Request: POST http://127.0.0.1:8002/v1/chat/completions "HTTP/1.1 200 OK"
2026-04-29 14:54:46,775 - INFO - Analysis result: status=yes
2026-04-29 14:54:46,775 - INFO - ✅ Sub-question 1 succeeded: Nile River
2026-04-29 14:54:46,776 - INFO - 
Processing sub-question 2: When does Nile River flood each year?
2026-04-29 14:54:46,844 - INFO - 🔍 Analysis-Answer Agent: Starting information analysis
2026-04-29 14:55:00,841 - INFO - HTTP Request: POST http://127.0.0.1:8002/v1/chat/completions "HTTP/1.1 200 OK"
2026-04-29 14:55:00,842 - INFO - Analysis result: status=yes
2026-04-29 14:55:00,842 - INFO - ✅ Sub-question 2 succeeded: The Nile River floods annually, with the flood season traditionally starting around August 15, celebrated as the annual holiday 'Wafaa el-Nil' (Festival of the Nile). The flooding is a predictable seasonal event that has been central to Egyptian agriculture and culture for millennia.
2026-04-29 14:55:00,842 - INFO - 
==================================================
2026-04-29 14:55:00,842 - INFO - Final answer: The Nile River floods annually, with the flood season traditionally starting around August 15, celebrated as the annual holiday 'Wafaa el-Nil' (Festival of the Nile). The flooding is a predictable seasonal event that has been central to Egyptian agriculture and culture for millennia.
2026-04-29 14:55:00,842 - INFO - Total time: 33.47 seconds
2026-04-29 14:55:00,842 - INFO - Retrieval rounds: 2
2026-04-29 14:55:00,842 - INFO - Execution traces: 3
2026-04-29 14:55:00,842 - INFO - ==================================================

2026-04-29 14:55:00,843 - INFO - 
==================================================
Processing question: Who was president when congress declared war on the country where Glumpers was filmed?
==================================================
2026-04-29 14:55:00,843 - INFO - 🎯 PLAN Agent: Starting question decomposition
2026-04-29 14:55:52,017 - INFO - HTTP Request: POST http://127.0.0.1:8002/v1/chat/completions "HTTP/1.1 200 OK"
2026-04-29 14:55:52,019 - INFO - Generated plan: 1 sub-questions
2026-04-29 14:55:52,019 - INFO - 
Processing sub-question 1: Who was president when congress declared war on the country where Glumpers was filmed?
2026-04-29 14:55:52,097 - INFO - 🔍 Analysis-Answer Agent: Starting information analysis
2026-04-29 14:56:07,331 - INFO - HTTP Request: POST http://127.0.0.1:8002/v1/chat/completions "HTTP/1.1 200 OK"
2026-04-29 14:56:07,333 - INFO - Analysis result: status=yes
2026-04-29 14:56:07,333 - INFO - ✅ Sub-question 1 succeeded: William McKinley
2026-04-29 14:56:07,333 - INFO - 
==================================================
2026-04-29 14:56:07,333 - INFO - Final answer: William McKinley
2026-04-29 14:56:07,333 - INFO - Total time: 66.49 seconds
2026-04-29 14:56:07,333 - INFO - Retrieval rounds: 1
2026-04-29 14:56:07,333 - INFO - Execution traces: 2
2026-04-29 14:56:07,333 - INFO - ==================================================

2026-04-29 14:56:07,333 - INFO - 
==================================================
Processing question: What year did the company that published Starship Command end?
==================================================
2026-04-29 14:56:07,333 - INFO - 🎯 PLAN Agent: Starting question decomposition
2026-04-29 14:56:16,503 - INFO - HTTP Request: POST http://127.0.0.1:8002/v1/chat/completions "HTTP/1.1 200 OK"
2026-04-29 14:56:16,504 - INFO - Generated plan: 2 sub-questions
2026-04-29 14:56:16,504 - INFO - 
Processing sub-question 1: What is the name of the company that published Starship Command?
2026-04-29 14:56:16,589 - INFO - 🔍 Analysis-Answer Agent: Starting information analysis
2026-04-29 14:56:26,186 - INFO - HTTP Request: POST http://127.0.0.1:8002/v1/chat/completions "HTTP/1.1 200 OK"
2026-04-29 14:56:26,188 - INFO - Analysis result: status=yes
2026-04-29 14:56:26,188 - INFO - ✅ Sub-question 1 succeeded: Acornsoft
2026-04-29 14:56:26,188 - INFO - 
Processing sub-question 2: What year did Acornsoft end?
2026-04-29 14:56:26,256 - INFO - 🔍 Analysis-Answer Agent: Starting information analysis
2026-04-29 14:56:37,279 - INFO - HTTP Request: POST http://127.0.0.1:8002/v1/chat/completions "HTTP/1.1 200 OK"
2026-04-29 14:56:37,280 - INFO - Analysis result: status=yes
2026-04-29 14:56:37,280 - INFO - ✅ Sub-question 2 succeeded: 1986
2026-04-29 14:56:37,280 - INFO - 
==================================================
2026-04-29 14:56:37,281 - INFO - Final answer: 1986
2026-04-29 14:56:37,281 - INFO - Total time: 29.95 seconds
2026-04-29 14:56:37,281 - INFO - Retrieval rounds: 2
2026-04-29 14:56:37,281 - INFO - Execution traces: 3
2026-04-29 14:56:37,281 - INFO - ==================================================

2026-04-29 14:56:37,281 - INFO - 
==================================================
Processing question: Who was the US physicist who directed the project that developed the first atomic bomb at the same place where Feynman worked on Water Boiler?
==================================================
2026-04-29 14:56:37,281 - INFO - 🎯 PLAN Agent: Starting question decomposition
2026-04-29 14:56:56,452 - INFO - HTTP Request: POST http://127.0.0.1:8002/v1/chat/completions "HTTP/1.1 200 OK"
2026-04-29 14:56:56,453 - INFO - Generated plan: 2 sub-questions
2026-04-29 14:56:56,453 - INFO - 
Processing sub-question 1: Where did Feynman work on the Water Boiler?
2026-04-29 14:56:56,534 - INFO - 🔍 Analysis-Answer Agent: Starting information analysis
2026-04-29 14:57:05,530 - INFO - HTTP Request: POST http://127.0.0.1:8002/v1/chat/completions "HTTP/1.1 200 OK"
2026-04-29 14:57:05,531 - INFO - Analysis result: status=yes
2026-04-29 14:57:05,531 - INFO - ✅ Sub-question 1 succeeded: Los Alamos
2026-04-29 14:57:05,531 - INFO - 
Processing sub-question 2: Who directed the atomic bomb project at Los Alamos?
2026-04-29 14:57:05,606 - INFO - 🔍 Analysis-Answer Agent: Starting information analysis
2026-04-29 14:57:16,718 - INFO - HTTP Request: POST http://127.0.0.1:8002/v1/chat/completions "HTTP/1.1 200 OK"
2026-04-29 14:57:16,720 - INFO - Analysis result: status=yes
2026-04-29 14:57:16,720 - INFO - ✅ Sub-question 2 succeeded: Robert Oppenheimer
2026-04-29 14:57:16,720 - INFO - 
==================================================
2026-04-29 14:57:16,720 - INFO - Final answer: Robert Oppenheimer
2026-04-29 14:57:16,720 - INFO - Total time: 39.44 seconds
2026-04-29 14:57:16,720 - INFO - Retrieval rounds: 2
2026-04-29 14:57:16,720 - INFO - Execution traces: 3
2026-04-29 14:57:16,720 - INFO - ==================================================

2026-04-29 14:57:16,720 - INFO - 
==================================================
Processing question: What season was the performer of Blue Skies on?
==================================================
2026-04-29 14:57:16,720 - INFO - 🎯 PLAN Agent: Starting question decomposition
2026-04-29 14:57:36,615 - INFO - HTTP Request: POST http://127.0.0.1:8002/v1/chat/completions "HTTP/1.1 200 OK"
2026-04-29 14:57:36,617 - INFO - Generated plan: 2 sub-questions
2026-04-29 14:57:36,617 - INFO - 
Processing sub-question 1: Who performed 'Blue Skies'?
2026-04-29 14:57:36,692 - INFO - 🔍 Analysis-Answer Agent: Starting information analysis
2026-04-29 14:58:25,293 - INFO - HTTP Request: POST http://127.0.0.1:8002/v1/chat/completions "HTTP/1.1 200 OK"
2026-04-29 14:58:25,294 - INFO - Analysis result: status=yes
2026-04-29 14:58:25,295 - INFO - ✅ Sub-question 1 succeeded: Diana DeGarmo
2026-04-29 14:58:25,295 - INFO - 
Processing sub-question 2: What season was Diana DeGarmo associated with?
2026-04-29 14:58:25,359 - INFO - 🔍 Analysis-Answer Agent: Starting information analysis
2026-04-29 14:58:36,106 - INFO - HTTP Request: POST http://127.0.0.1:8002/v1/chat/completions "HTTP/1.1 200 OK"
2026-04-29 14:58:36,107 - INFO - Analysis result: status=yes
2026-04-29 14:58:36,108 - INFO - ✅ Sub-question 2 succeeded: Third season
2026-04-29 14:58:36,108 - INFO - 
==================================================
2026-04-29 14:58:36,108 - INFO - Final answer: Third season
2026-04-29 14:58:36,108 - INFO - Total time: 79.39 seconds
2026-04-29 14:58:36,108 - INFO - Retrieval rounds: 2
2026-04-29 14:58:36,108 - INFO - Execution traces: 3
2026-04-29 14:58:36,108 - INFO - ==================================================

2026-04-29 14:58:36,108 - INFO - 
==================================================
Processing question: What label was responsible for the performer of Live Life Loud?
==================================================
2026-04-29 14:58:36,108 - INFO - 🎯 PLAN Agent: Starting question decomposition
2026-04-29 14:58:46,198 - INFO - HTTP Request: POST http://127.0.0.1:8002/v1/chat/completions "HTTP/1.1 200 OK"
2026-04-29 14:58:46,199 - INFO - Generated plan: 2 sub-questions
2026-04-29 14:58:46,199 - INFO - 
Processing sub-question 1: Who is the performer of Live Life Loud?
2026-04-29 14:58:46,265 - INFO - 🔍 Analysis-Answer Agent: Starting information analysis
2026-04-29 14:58:59,328 - INFO - HTTP Request: POST http://127.0.0.1:8002/v1/chat/completions "HTTP/1.1 200 OK"
2026-04-29 14:58:59,330 - INFO - Analysis result: status=yes
2026-04-29 14:58:59,330 - INFO - ✅ Sub-question 1 succeeded: Hawk Nelson
2026-04-29 14:58:59,330 - INFO - 
Processing sub-question 2: What label was responsible for Hawk Nelson?
2026-04-29 14:58:59,402 - INFO - 🔍 Analysis-Answer Agent: Starting information analysis
2026-04-29 14:59:12,984 - INFO - HTTP Request: POST http://127.0.0.1:8002/v1/chat/completions "HTTP/1.1 200 OK"
2026-04-29 14:59:12,986 - INFO - Analysis result: status=yes
2026-04-29 14:59:12,986 - INFO - ✅ Sub-question 2 succeeded: Fair Trade Services
2026-04-29 14:59:12,986 - INFO - 
==================================================
2026-04-29 14:59:12,986 - INFO - Final answer: Fair Trade Services
2026-04-29 14:59:12,986 - INFO - Total time: 36.88 seconds
2026-04-29 14:59:12,986 - INFO - Retrieval rounds: 2
2026-04-29 14:59:12,986 - INFO - Execution traces: 3
2026-04-29 14:59:12,986 - INFO - ==================================================

