2026-04-29 12:57:20,036 - INFO - 
==================================================
Processing question: When was the person who Messi's goals in Copa del Rey compared to get signed by Barcelona?
==================================================
2026-04-29 12:57:20,036 - INFO - 🎯 PLAN Agent: Starting question decomposition
2026-04-29 12:57:34,486 - INFO - HTTP Request: POST http://127.0.0.1:8001/v1/chat/completions "HTTP/1.1 200 OK"
2026-04-29 12:57:34,501 - INFO - Generated plan: 2 sub-questions
2026-04-29 12:57:34,501 - INFO - 
Processing sub-question 1: Who was Messi's goals in Copa del Rey compared to?
2026-04-29 12:57:34,583 - INFO - 🔍 Analysis-Answer Agent: Starting information analysis
2026-04-29 12:58:00,218 - INFO - HTTP Request: POST http://127.0.0.1:8001/v1/chat/completions "HTTP/1.1 200 OK"
2026-04-29 12:58:00,219 - INFO - Analysis result: status=no
2026-04-29 12:58:00,219 - INFO - Insufficient information, attempting query rewrite (attempt 1/2)
2026-04-29 12:58:00,219 - INFO - ✏️ Rewrite Agent: Starting query rewrite
2026-04-29 12:58:13,672 - INFO - HTTP Request: POST http://127.0.0.1:8001/v1/chat/completions "HTTP/1.1 200 OK"
2026-04-29 12:58:13,673 - INFO - Rewrite strategy: Expanded keywords to include comparative terms ('compare to', 'vs'), statistical focus ('statistics', 'tally'), and alternative phrasings for tournament names and player comparisons. Incorporated related concepts like 'top scorers' and 'records' to capture document-relevant contexts.
2026-04-29 12:58:13,754 - INFO - 🔍 Analysis-Answer Agent: Starting information analysis
2026-04-29 12:58:36,383 - INFO - HTTP Request: POST http://127.0.0.1:8001/v1/chat/completions "HTTP/1.1 200 OK"
2026-04-29 12:58:36,384 - INFO - Analysis result: status=no
2026-04-29 12:58:36,384 - INFO - Insufficient information, attempting query rewrite (attempt 2/2)
2026-04-29 12:58:36,384 - INFO - ✏️ Rewrite Agent: Starting query rewrite
2026-04-29 12:58:49,796 - INFO - HTTP Request: POST http://127.0.0.1:8001/v1/chat/completions "HTTP/1.1 200 OK"
2026-04-29 12:58:49,797 - INFO - Rewrite strategy: Focused on specific competition (Copa del Rey) and explicitly included comparison terms while expanding keywords related to goal-scoring records and player comparisons
2026-04-29 12:58:49,886 - INFO - 🔍 Analysis-Answer Agent: Starting information analysis
2026-04-29 12:59:15,156 - INFO - HTTP Request: POST http://127.0.0.1:8001/v1/chat/completions "HTTP/1.1 200 OK"
2026-04-29 12:59:15,157 - INFO - Analysis result: status=no
2026-04-29 12:59:15,157 - WARNING - ❌ Sub-question 1 failed: The retrieved documents mention Lionel Messi's overall goal-scoring records in La Liga and FIFA World Cup qualifiers, but they do not provide specific statistics or comparisons of his Copa del Rey goals against other players. While the documents reference Messi's achievements in the Copa del Rey (e.g., scoring in semi-finals), there is no explicit data on his total Copa del Rey goals or direct comparisons to other players' Copa del Rey goal totals. Thus, the necessary information to answer the sub-question is lacking.
2026-04-29 12:59:15,157 - WARNING - ⏭️ Skipping sub-question 2 due to missing dependencies: [1]
2026-04-29 12:59:15,157 - INFO - 
==================================================
2026-04-29 12:59:15,157 - INFO - Final answer: Unable to find answer
2026-04-29 12:59:15,157 - INFO - Total time: 115.12 seconds
2026-04-29 12:59:15,157 - INFO - Retrieval rounds: 3
2026-04-29 12:59:15,157 - INFO - Execution traces: 6
2026-04-29 12:59:15,157 - INFO - ==================================================

2026-04-29 12:59:15,158 - INFO - 
==================================================
Processing question: What month did the Tripartite discussions begin between Britain, France, and the country where, despite being headquartered in the nation called the nobilities commonwealth, the top-ranking Warsaw Pact operatives originated?
==================================================
2026-04-29 12:59:15,158 - INFO - 🎯 PLAN Agent: Starting question decomposition
2026-04-29 13:00:06,328 - INFO - HTTP Request: POST http://127.0.0.1:8001/v1/chat/completions "HTTP/1.1 200 OK"
2026-04-29 13:00:06,329 - INFO - Generated plan: 1 sub-questions
2026-04-29 13:00:06,330 - INFO - 
Processing sub-question 1: What month did the Tripartite discussions begin between Britain, France, and the country where, despite being headquartered in the nation called the nobilities commonwealth, the top-ranking Warsaw Pact operatives originated?
2026-04-29 13:00:06,422 - INFO - 🔍 Analysis-Answer Agent: Starting information analysis
2026-04-29 13:00:51,052 - INFO - HTTP Request: POST http://127.0.0.1:8001/v1/chat/completions "HTTP/1.1 200 OK"
2026-04-29 13:00:51,053 - INFO - Analysis result: status=yes
2026-04-29 13:00:51,053 - INFO - ✅ Sub-question 1 succeeded: June
2026-04-29 13:00:51,053 - INFO - 
==================================================
2026-04-29 13:00:51,053 - INFO - Final answer: June
2026-04-29 13:00:51,053 - INFO - Total time: 95.90 seconds
2026-04-29 13:00:51,053 - INFO - Retrieval rounds: 1
2026-04-29 13:00:51,053 - INFO - Execution traces: 2
2026-04-29 13:00:51,053 - INFO - ==================================================

2026-04-29 13:00:51,054 - INFO - 
==================================================
Processing question: What county is Erik Hort's birthplace a part of?
==================================================
2026-04-29 13:00:51,054 - INFO - 🎯 PLAN Agent: Starting question decomposition
2026-04-29 13:01:02,975 - INFO - HTTP Request: POST http://127.0.0.1:8001/v1/chat/completions "HTTP/1.1 200 OK"
2026-04-29 13:01:02,976 - INFO - Generated plan: 2 sub-questions
2026-04-29 13:01:02,976 - INFO - 
Processing sub-question 1: Where was Erik Hort born?
2026-04-29 13:01:03,050 - INFO - 🔍 Analysis-Answer Agent: Starting information analysis
2026-04-29 13:01:13,314 - INFO - HTTP Request: POST http://127.0.0.1:8001/v1/chat/completions "HTTP/1.1 200 OK"
2026-04-29 13:01:13,315 - INFO - Analysis result: status=yes
2026-04-29 13:01:13,315 - INFO - ✅ Sub-question 1 succeeded: Montebello, New York
2026-04-29 13:01:13,315 - INFO - 
Processing sub-question 2: What county is Montebello, New York part of?
2026-04-29 13:01:13,388 - INFO - 🔍 Analysis-Answer Agent: Starting information analysis
2026-04-29 13:01:19,932 - INFO - HTTP Request: POST http://127.0.0.1:8001/v1/chat/completions "HTTP/1.1 200 OK"
2026-04-29 13:01:19,934 - INFO - Analysis result: status=yes
2026-04-29 13:01:19,934 - INFO - ✅ Sub-question 2 succeeded: Rockland County
2026-04-29 13:01:19,934 - INFO - 
==================================================
2026-04-29 13:01:19,934 - INFO - Final answer: Rockland County
2026-04-29 13:01:19,934 - INFO - Total time: 28.88 seconds
2026-04-29 13:01:19,934 - INFO - Retrieval rounds: 2
2026-04-29 13:01:19,934 - INFO - Execution traces: 3
2026-04-29 13:01:19,934 - INFO - ==================================================

2026-04-29 13:01:19,934 - INFO - 
==================================================
Processing question: What year did the publisher of Labyrinth end?
==================================================
2026-04-29 13:01:19,934 - INFO - 🎯 PLAN Agent: Starting question decomposition
2026-04-29 13:01:30,463 - INFO - HTTP Request: POST http://127.0.0.1:8001/v1/chat/completions "HTTP/1.1 200 OK"
2026-04-29 13:01:30,464 - INFO - Generated plan: 2 sub-questions
2026-04-29 13:01:30,464 - INFO - 
Processing sub-question 1: What is the publisher of Labyrinth?
2026-04-29 13:01:30,539 - INFO - 🔍 Analysis-Answer Agent: Starting information analysis
2026-04-29 13:01:40,530 - INFO - HTTP Request: POST http://127.0.0.1:8001/v1/chat/completions "HTTP/1.1 200 OK"
2026-04-29 13:01:40,531 - INFO - Analysis result: status=yes
2026-04-29 13:01:40,532 - INFO - ✅ Sub-question 1 succeeded: Acornsoft
2026-04-29 13:01:40,532 - INFO - 
Processing sub-question 2: What year did Acornsoft end?
2026-04-29 13:01:40,608 - INFO - 🔍 Analysis-Answer Agent: Starting information analysis
2026-04-29 13:01:51,651 - INFO - HTTP Request: POST http://127.0.0.1:8001/v1/chat/completions "HTTP/1.1 200 OK"
2026-04-29 13:01:51,653 - INFO - Analysis result: status=yes
2026-04-29 13:01:51,653 - INFO - ✅ Sub-question 2 succeeded: 1986
2026-04-29 13:01:51,653 - INFO - 
==================================================
2026-04-29 13:01:51,653 - INFO - Final answer: 1986
2026-04-29 13:01:51,653 - INFO - Total time: 31.72 seconds
2026-04-29 13:01:51,653 - INFO - Retrieval rounds: 2
2026-04-29 13:01:51,653 - INFO - Execution traces: 3
2026-04-29 13:01:51,653 - INFO - ==================================================

2026-04-29 13:01:51,653 - INFO - 
==================================================
Processing question: When was Lady Godiva's birthplace abolished?
==================================================
2026-04-29 13:01:51,653 - INFO - 🎯 PLAN Agent: Starting question decomposition
2026-04-29 13:02:03,485 - INFO - HTTP Request: POST http://127.0.0.1:8001/v1/chat/completions "HTTP/1.1 200 OK"
2026-04-29 13:02:03,486 - INFO - Generated plan: 2 sub-questions
2026-04-29 13:02:03,486 - INFO - 
Processing sub-question 1: What was Lady Godiva's birthplace?
2026-04-29 13:02:03,554 - INFO - 🔍 Analysis-Answer Agent: Starting information analysis
2026-04-29 13:02:22,604 - INFO - HTTP Request: POST http://127.0.0.1:8001/v1/chat/completions "HTTP/1.1 200 OK"
2026-04-29 13:02:22,605 - INFO - Analysis result: status=no
2026-04-29 13:02:22,605 - INFO - Insufficient information, attempting query rewrite (attempt 1/2)
2026-04-29 13:02:22,605 - INFO - ✏️ Rewrite Agent: Starting query rewrite
2026-04-29 13:02:35,597 - INFO - HTTP Request: POST http://127.0.0.1:8001/v1/chat/completions "HTTP/1.1 200 OK"
2026-04-29 13:02:35,598 - INFO - Rewrite strategy: Expanded keywords to include alternative names (Godiva), synonyms for birthplace (origin, place of birth), and contextual terms (Coventry, historical figures) to improve retrieval coverage
2026-04-29 13:02:35,682 - INFO - 🔍 Analysis-Answer Agent: Starting information analysis
2026-04-29 13:02:46,916 - INFO - HTTP Request: POST http://127.0.0.1:8001/v1/chat/completions "HTTP/1.1 200 OK"
2026-04-29 13:02:46,917 - INFO - Analysis result: status=no
2026-04-29 13:02:46,917 - INFO - Insufficient information, attempting query rewrite (attempt 2/2)
2026-04-29 13:02:46,917 - INFO - ✏️ Rewrite Agent: Starting query rewrite
2026-04-29 13:02:55,535 - INFO - HTTP Request: POST http://127.0.0.1:8001/v1/chat/completions "HTTP/1.1 200 OK"
2026-04-29 13:02:55,536 - INFO - Rewrite strategy: Focused on specific historical context (medieval England, 9th century) and alternative terms (origin, native place) to differentiate from modern references, while explicitly mentioning her full name and era
2026-04-29 13:02:55,622 - INFO - 🔍 Analysis-Answer Agent: Starting information analysis
2026-04-29 13:03:07,333 - INFO - HTTP Request: POST http://127.0.0.1:8001/v1/chat/completions "HTTP/1.1 200 OK"
2026-04-29 13:03:07,334 - INFO - Analysis result: status=no
2026-04-29 13:03:07,334 - WARNING - ❌ Sub-question 1 failed: The retrieved documents do not contain any information about Lady Godiva's birthplace. While the documents mention 'Godiva, countess of Leicester' in the context of historical events and locations (e.g., chunk 11), they do not specify her place of birth. The texts focus on unrelated topics such as mythology, politics, and other historical figures, leaving no trace of Lady Godiva's birthplace.
2026-04-29 13:03:07,334 - WARNING - ⏭️ Skipping sub-question 2 due to missing dependencies: [1]
2026-04-29 13:03:07,334 - INFO - 
==================================================
2026-04-29 13:03:07,334 - INFO - Final answer: Unable to find answer
2026-04-29 13:03:07,334 - INFO - Total time: 75.68 seconds
2026-04-29 13:03:07,334 - INFO - Retrieval rounds: 3
2026-04-29 13:03:07,334 - INFO - Execution traces: 6
2026-04-29 13:03:07,334 - INFO - ==================================================

2026-04-29 13:03:07,335 - INFO - 
==================================================
Processing question: When was the region immediately north of the region where Israel is located and the location of the Battle of Qurah and Umm al Maradim created?
==================================================
2026-04-29 13:03:07,335 - INFO - 🎯 PLAN Agent: Starting question decomposition
2026-04-29 13:03:55,342 - INFO - HTTP Request: POST http://127.0.0.1:8001/v1/chat/completions "HTTP/1.1 200 OK"
2026-04-29 13:03:55,343 - INFO - Generated plan: 2 sub-questions
2026-04-29 13:03:55,343 - INFO - 
Processing sub-question 1: What is the location of the Battle of Qurah and Umm al Maradim?
2026-04-29 13:03:55,420 - INFO - 🔍 Analysis-Answer Agent: Starting information analysis
2026-04-29 13:04:12,711 - INFO - HTTP Request: POST http://127.0.0.1:8001/v1/chat/completions "HTTP/1.1 200 OK"
2026-04-29 13:04:12,712 - INFO - Analysis result: status=yes
2026-04-29 13:04:12,713 - INFO - ✅ Sub-question 1 succeeded: The Battle of Qurah and Umm al Maradim took place off the coast of Kuwait in the Persian Gulf, specifically near the islands of Qurah and Umm al Maradim. Qurah Island is located 37.5 kilometres east of the Kuwaiti mainland and 17 kilometres northeast of Umm al Maradim.
2026-04-29 13:04:12,713 - INFO - 
Processing sub-question 2: What is the region immediately north of Israel that is The Battle of Qurah and Umm al Maradim took place off the coast of Kuwait in the Persian Gulf, specifically near the islands of Qurah and Umm al Maradim. Qurah Island is located 37.5 kilometres east of the Kuwaiti mainland and 17 kilometres northeast of Umm al Maradim.?
2026-04-29 13:04:12,816 - INFO - 🔍 Analysis-Answer Agent: Starting information analysis
2026-04-29 13:04:35,003 - INFO - HTTP Request: POST http://127.0.0.1:8001/v1/chat/completions "HTTP/1.1 200 OK"
2026-04-29 13:04:35,004 - INFO - Analysis result: status=no
2026-04-29 13:04:35,004 - INFO - Insufficient information, attempting query rewrite (attempt 1/2)
2026-04-29 13:04:35,004 - INFO - ✏️ Rewrite Agent: Starting query rewrite
2026-04-29 13:04:51,803 - INFO - HTTP Request: POST http://127.0.0.1:8001/v1/chat/completions "HTTP/1.1 200 OK"
2026-04-29 13:04:51,804 - INFO - Rewrite strategy: Focused on the battle's actual geographical context in the Persian Gulf near Kuwait while removing the misleading 'north of Israel' reference. Expanded keywords to include location-specific terms and coordinates for better relevance.
2026-04-29 13:04:51,880 - INFO - 🔍 Analysis-Answer Agent: Starting information analysis
2026-04-29 13:05:09,932 - INFO - HTTP Request: POST http://127.0.0.1:8001/v1/chat/completions "HTTP/1.1 200 OK"
2026-04-29 13:05:09,933 - INFO - Analysis result: status=no
2026-04-29 13:05:09,933 - INFO - Insufficient information, attempting query rewrite (attempt 2/2)
2026-04-29 13:05:09,933 - INFO - ✏️ Rewrite Agent: Starting query rewrite
2026-04-29 13:05:23,665 - INFO - HTTP Request: POST http://127.0.0.1:8001/v1/chat/completions "HTTP/1.1 200 OK"
2026-04-29 13:05:23,666 - INFO - Rewrite strategy: Removed the incorrect geographical assumption about Israel's northern neighbors and focused on the battle's actual location in the Persian Gulf near Kuwait. Expanded keywords to include synonyms for 'region' (geographical location, area) and clarified the coastal context.
2026-04-29 13:05:23,755 - INFO - 🔍 Analysis-Answer Agent: Starting information analysis
2026-04-29 13:06:06,332 - INFO - HTTP Request: POST http://127.0.0.1:8001/v1/chat/completions "HTTP/1.1 200 OK"
2026-04-29 13:06:06,333 - INFO - Analysis result: status=no
2026-04-29 13:06:06,333 - WARNING - ❌ Sub-question 2 failed: The documents confirm that the Battle of Qurah and Umm al Maradim occurred off Kuwait's coast in the Persian Gulf, near Qurah Island (37.5 km east of Kuwait's mainland). However, the question asks for the region 'immediately north of Israel' where these battles took place. Geographically, Kuwait is south of Iraq and east of Saudi Arabia, far from Israel. The documents do not mention any region north of Israel related to these battles. The confusion may arise from misplacing Kuwait's location relative to Israel, but the retrieved texts do not address the 'region north of Israel' specifically. Thus, the necessary information to answer the question as phrased is absent.
2026-04-29 13:06:06,333 - INFO - 
==================================================
2026-04-29 13:06:06,333 - INFO - Final answer: The Battle of Qurah and Umm al Maradim took place off the coast of Kuwait in the Persian Gulf, specifically near the islands of Qurah and Umm al Maradim. Qurah Island is located 37.5 kilometres east of the Kuwaiti mainland and 17 kilometres northeast of Umm al Maradim.
2026-04-29 13:06:06,333 - INFO - Total time: 179.00 seconds
2026-04-29 13:06:06,333 - INFO - Retrieval rounds: 4
2026-04-29 13:06:06,333 - INFO - Execution traces: 7
2026-04-29 13:06:06,333 - INFO - ==================================================

2026-04-29 13:06:06,334 - INFO - 
==================================================
Processing question: Where does the body of water by the city where the Southeast Library designer died empty into the Gulf of Mexico?
==================================================
2026-04-29 13:06:06,334 - INFO - 🎯 PLAN Agent: Starting question decomposition
2026-04-29 13:06:57,555 - INFO - HTTP Request: POST http://127.0.0.1:8001/v1/chat/completions "HTTP/1.1 200 OK"
2026-04-29 13:06:57,557 - INFO - Generated plan: 2 sub-questions
2026-04-29 13:06:57,557 - INFO - 
Processing sub-question 1: Who is [entity from step 1]?
2026-04-29 13:06:57,629 - INFO - 🔍 Analysis-Answer Agent: Starting information analysis
2026-04-29 13:07:15,584 - INFO - HTTP Request: POST http://127.0.0.1:8001/v1/chat/completions "HTTP/1.1 200 OK"
2026-04-29 13:07:15,585 - INFO - Analysis result: status=no
2026-04-29 13:07:15,585 - INFO - Insufficient information, attempting query rewrite (attempt 1/2)
2026-04-29 13:07:15,585 - INFO - ✏️ Rewrite Agent: Starting query rewrite
2026-04-29 13:07:41,128 - INFO - HTTP Request: POST http://127.0.0.1:8001/v1/chat/completions "HTTP/1.1 200 OK"
2026-04-29 13:07:41,129 - INFO - Rewrite strategy: default expansion
2026-04-29 13:07:41,201 - INFO - 🔍 Analysis-Answer Agent: Starting information analysis
2026-04-29 13:07:57,426 - INFO - HTTP Request: POST http://127.0.0.1:8001/v1/chat/completions "HTTP/1.1 200 OK"
2026-04-29 13:07:57,427 - INFO - Analysis result: status=no
2026-04-29 13:07:57,427 - INFO - Insufficient information, attempting query rewrite (attempt 2/2)
2026-04-29 13:07:57,427 - INFO - ✏️ Rewrite Agent: Starting query rewrite
2026-04-29 13:08:22,840 - INFO - HTTP Request: POST http://127.0.0.1:8001/v1/chat/completions "HTTP/1.1 200 OK"
2026-04-29 13:08:22,841 - INFO - Rewrite strategy: default expansion
2026-04-29 13:08:22,911 - INFO - 🔍 Analysis-Answer Agent: Starting information analysis
2026-04-29 13:08:36,747 - INFO - HTTP Request: POST http://127.0.0.1:8001/v1/chat/completions "HTTP/1.1 200 OK"
2026-04-29 13:08:36,748 - INFO - Analysis result: status=no
2026-04-29 13:08:36,748 - WARNING - ❌ Sub-question 1 failed: The sub-question refers to an entity from 'step 1,' but the entity itself is not specified in the query. The retrieved documents contain diverse information about topics like biology, technology, movies, historical events, and more, but there is no clear entity identified in the question or documents that matches the unresolved reference. Without knowing the specific entity, it is impossible to provide a targeted answer.
2026-04-29 13:08:36,749 - WARNING - ⏭️ Skipping sub-question 2 due to missing dependencies: [1]
2026-04-29 13:08:36,749 - INFO - 
==================================================
2026-04-29 13:08:36,749 - INFO - Final answer: Unable to find answer
2026-04-29 13:08:36,749 - INFO - Total time: 150.41 seconds
2026-04-29 13:08:36,749 - INFO - Retrieval rounds: 3
2026-04-29 13:08:36,749 - INFO - Execution traces: 6
2026-04-29 13:08:36,749 - INFO - ==================================================

2026-04-29 13:08:36,749 - INFO - 
==================================================
Processing question: When did the explorer reach the city where the headquarters of the only group larger than Vilaiyaadu Mankatha's record label is located?
==================================================
2026-04-29 13:08:36,749 - INFO - 🎯 PLAN Agent: Starting question decomposition
2026-04-29 13:09:28,036 - INFO - HTTP Request: POST http://127.0.0.1:8001/v1/chat/completions "HTTP/1.1 200 OK"
2026-04-29 13:09:28,037 - INFO - Generated plan: 4 sub-questions
2026-04-29 13:09:28,037 - INFO - 
Processing sub-question 1: What is the record label of Vilaiyaadu Mankatha?
2026-04-29 13:09:28,112 - INFO - 🔍 Analysis-Answer Agent: Starting information analysis
2026-04-29 13:09:38,169 - INFO - HTTP Request: POST http://127.0.0.1:8001/v1/chat/completions "HTTP/1.1 200 OK"
2026-04-29 13:09:38,170 - INFO - Analysis result: status=yes
2026-04-29 13:09:38,170 - INFO - ✅ Sub-question 1 succeeded: Sony Music Entertainment
2026-04-29 13:09:38,170 - INFO - 
Processing sub-question 2: What is the only group larger than Sony Music Entertainment?
2026-04-29 13:09:38,241 - INFO - 🔍 Analysis-Answer Agent: Starting information analysis
2026-04-29 13:09:50,136 - INFO - HTTP Request: POST http://127.0.0.1:8001/v1/chat/completions "HTTP/1.1 200 OK"
2026-04-29 13:09:50,137 - INFO - Analysis result: status=yes
2026-04-29 13:09:50,137 - INFO - ✅ Sub-question 2 succeeded: Universal Music Group
2026-04-29 13:09:50,137 - INFO - 
Processing sub-question 3: Where is the headquarters of Universal Music Group located?
2026-04-29 13:09:50,207 - INFO - 🔍 Analysis-Answer Agent: Starting information analysis
2026-04-29 13:10:12,819 - INFO - HTTP Request: POST http://127.0.0.1:8001/v1/chat/completions "HTTP/1.1 200 OK"
2026-04-29 13:10:12,821 - INFO - Analysis result: status=no
2026-04-29 13:10:12,821 - INFO - Insufficient information, attempting query rewrite (attempt 1/2)
2026-04-29 13:10:12,821 - INFO - ✏️ Rewrite Agent: Starting query rewrite
2026-04-29 13:10:28,106 - INFO - HTTP Request: POST http://127.0.0.1:8001/v1/chat/completions "HTTP/1.1 200 OK"
2026-04-29 13:10:28,107 - INFO - Rewrite strategy: Expanded keywords to include synonyms for 'headquarters' (e.g., main office, HQ) and location indicators (e.g., based in, located at). Added 'parent company' to differentiate from subsidiaries and included 'official website' as a potential source for corporate information.
2026-04-29 13:10:28,188 - INFO - 🔍 Analysis-Answer Agent: Starting information analysis
2026-04-29 13:10:49,774 - INFO - HTTP Request: POST http://127.0.0.1:8001/v1/chat/completions "HTTP/1.1 200 OK"
2026-04-29 13:10:49,775 - INFO - Analysis result: status=no
2026-04-29 13:10:49,775 - INFO - Insufficient information, attempting query rewrite (attempt 2/2)
2026-04-29 13:10:49,775 - INFO - ✏️ Rewrite Agent: Starting query rewrite
2026-04-29 13:11:03,417 - INFO - HTTP Request: POST http://127.0.0.1:8001/v1/chat/completions "HTTP/1.1 200 OK"
2026-04-29 13:11:03,418 - INFO - Rewrite strategy: Expanded keywords to include synonyms for headquarters (main office, head office, corporate headquarters) and explicitly mentioned 'parent company' to differentiate from subsidiaries, while retaining the core entity 'Universal Music Group'
2026-04-29 13:11:03,494 - INFO - 🔍 Analysis-Answer Agent: Starting information analysis
2026-04-29 13:11:28,361 - INFO - HTTP Request: POST http://127.0.0.1:8001/v1/chat/completions "HTTP/1.1 200 OK"
2026-04-29 13:11:28,363 - INFO - Analysis result: status=no
2026-04-29 13:11:28,363 - WARNING - ❌ Sub-question 3 failed: The retrieved documents mention Universal Music Group in the context of subsidiaries and related entities (e.g., Right Stuff Records based in Santa Monica, California, and Universal Music Latin Entertainment in Miami). However, none of the documents explicitly state the headquarters location of Universal Music Group itself. The information about Amblin Entertainment's headquarters (Universal Studios, Universal City, California) and other labels does not directly answer the question about Universal Music Group's main office.
2026-04-29 13:11:28,363 - WARNING - ⏭️ Skipping sub-question 4 due to missing dependencies: [3]
2026-04-29 13:11:28,363 - INFO - 
==================================================
2026-04-29 13:11:28,363 - INFO - Final answer: Universal Music Group
2026-04-29 13:11:28,363 - INFO - Total time: 171.61 seconds
2026-04-29 13:11:28,363 - INFO - Retrieval rounds: 5
2026-04-29 13:11:28,363 - INFO - Execution traces: 8
2026-04-29 13:11:28,363 - INFO - ==================================================

2026-04-29 13:11:28,363 - INFO - 
==================================================
Processing question: When was the start of the battle of the birthplace of the performer of III?
==================================================
2026-04-29 13:11:28,363 - INFO - 🎯 PLAN Agent: Starting question decomposition
2026-04-29 13:12:19,610 - INFO - HTTP Request: POST http://127.0.0.1:8001/v1/chat/completions "HTTP/1.1 200 OK"
2026-04-29 13:12:19,611 - INFO - Generated plan: 1 sub-questions
2026-04-29 13:12:19,611 - INFO - 
Processing sub-question 1: When was the start of the battle of the birthplace of the performer of III?
2026-04-29 13:12:19,680 - INFO - 🔍 Analysis-Answer Agent: Starting information analysis
2026-04-29 13:12:37,588 - INFO - HTTP Request: POST http://127.0.0.1:8001/v1/chat/completions "HTTP/1.1 200 OK"
2026-04-29 13:12:37,589 - INFO - Analysis result: status=no
2026-04-29 13:12:37,589 - INFO - Insufficient information, attempting query rewrite (attempt 1/2)
2026-04-29 13:12:37,589 - INFO - ✏️ Rewrite Agent: Starting query rewrite
2026-04-29 13:13:03,126 - INFO - HTTP Request: POST http://127.0.0.1:8001/v1/chat/completions "HTTP/1.1 200 OK"
2026-04-29 13:13:03,127 - INFO - Rewrite strategy: default expansion
2026-04-29 13:13:03,203 - INFO - 🔍 Analysis-Answer Agent: Starting information analysis
2026-04-29 13:13:34,263 - INFO - HTTP Request: POST http://127.0.0.1:8001/v1/chat/completions "HTTP/1.1 200 OK"
2026-04-29 13:13:34,264 - INFO - Analysis result: status=no
2026-04-29 13:13:34,264 - INFO - Insufficient information, attempting query rewrite (attempt 2/2)
2026-04-29 13:13:34,264 - INFO - ✏️ Rewrite Agent: Starting query rewrite
2026-04-29 13:13:50,587 - INFO - HTTP Request: POST http://127.0.0.1:8001/v1/chat/completions "HTTP/1.1 200 OK"
2026-04-29 13:13:50,588 - INFO - Rewrite strategy: Expanded ambiguous terms like 'III' to include numerical equivalents and contextual synonyms (e.g., 'third'), and clarified the relationship between the performer's birthplace and battle location.
2026-04-29 13:13:50,654 - INFO - 🔍 Analysis-Answer Agent: Starting information analysis
2026-04-29 13:14:22,165 - INFO - HTTP Request: POST http://127.0.0.1:8001/v1/chat/completions "HTTP/1.1 200 OK"
2026-04-29 13:14:22,167 - INFO - Analysis result: status=no
2026-04-29 13:14:22,167 - WARNING - ❌ Sub-question 1 failed: The documents do not provide information linking a 'performer of III' to a specific battle or birthplace. While several battles are mentioned (e.g., Battle of Kentish Knock, Battle of Uhud, Battle of Metz), none are associated with a performer's birthplace. The term 'performer of III' is unclear and not explicitly referenced in the retrieved texts. Thus, the question cannot be answered with the provided data.
2026-04-29 13:14:22,167 - INFO - 
==================================================
2026-04-29 13:14:22,167 - INFO - Final answer: Unable to find answer
2026-04-29 13:14:22,167 - INFO - Total time: 173.80 seconds
2026-04-29 13:14:22,167 - INFO - Retrieval rounds: 3
2026-04-29 13:14:22,167 - INFO - Execution traces: 6
2026-04-29 13:14:22,167 - INFO - ==================================================

2026-04-29 13:14:22,167 - INFO - 
==================================================
Processing question: What is the Till dom ensamma performer's birth date?
==================================================
2026-04-29 13:14:22,167 - INFO - 🎯 PLAN Agent: Starting question decomposition
2026-04-29 13:14:31,658 - INFO - HTTP Request: POST http://127.0.0.1:8001/v1/chat/completions "HTTP/1.1 200 OK"
2026-04-29 13:14:31,660 - INFO - Generated plan: 2 sub-questions
2026-04-29 13:14:31,660 - INFO - 
Processing sub-question 1: Who is the Till dom ensamma performer?
2026-04-29 13:14:31,728 - INFO - 🔍 Analysis-Answer Agent: Starting information analysis
2026-04-29 13:14:43,123 - INFO - HTTP Request: POST http://127.0.0.1:8001/v1/chat/completions "HTTP/1.1 200 OK"
2026-04-29 13:14:43,124 - INFO - Analysis result: status=yes
2026-04-29 13:14:43,124 - INFO - ✅ Sub-question 1 succeeded: Mauro Scocco
2026-04-29 13:14:43,124 - INFO - 
Processing sub-question 2: What is the birth date of Mauro Scocco?
2026-04-29 13:14:43,210 - INFO - 🔍 Analysis-Answer Agent: Starting information analysis
2026-04-29 13:14:51,941 - INFO - HTTP Request: POST http://127.0.0.1:8001/v1/chat/completions "HTTP/1.1 200 OK"
2026-04-29 13:14:51,943 - INFO - Analysis result: status=yes
2026-04-29 13:14:51,943 - INFO - ✅ Sub-question 2 succeeded: 11 september 1962
2026-04-29 13:14:51,943 - INFO - 
==================================================
2026-04-29 13:14:51,943 - INFO - Final answer: 11 september 1962
2026-04-29 13:14:51,943 - INFO - Total time: 29.78 seconds
2026-04-29 13:14:51,943 - INFO - Retrieval rounds: 2
2026-04-29 13:14:51,943 - INFO - Execution traces: 3
2026-04-29 13:14:51,943 - INFO - ==================================================

2026-04-29 13:14:51,943 - INFO - 
==================================================
Processing question: How many episodes are in season 5 of the series with The Bag or the Bat?
==================================================
2026-04-29 13:14:51,943 - INFO - 🎯 PLAN Agent: Starting question decomposition
2026-04-29 13:15:04,793 - INFO - HTTP Request: POST http://127.0.0.1:8001/v1/chat/completions "HTTP/1.1 200 OK"
2026-04-29 13:15:04,794 - INFO - Generated plan: 2 sub-questions
2026-04-29 13:15:04,794 - INFO - 
Processing sub-question 1: What is the name of the series that features 'The Bag or the Bat'?
2026-04-29 13:15:04,875 - INFO - 🔍 Analysis-Answer Agent: Starting information analysis
2026-04-29 13:15:14,982 - INFO - HTTP Request: POST http://127.0.0.1:8001/v1/chat/completions "HTTP/1.1 200 OK"
2026-04-29 13:15:14,983 - INFO - Analysis result: status=yes
2026-04-29 13:15:14,983 - INFO - ✅ Sub-question 1 succeeded: Ray Donovan
2026-04-29 13:15:14,983 - INFO - 
Processing sub-question 2: How many episodes are in season 5 of Ray Donovan?
2026-04-29 13:15:15,056 - INFO - 🔍 Analysis-Answer Agent: Starting information analysis
2026-04-29 13:15:26,465 - INFO - HTTP Request: POST http://127.0.0.1:8001/v1/chat/completions "HTTP/1.1 200 OK"
2026-04-29 13:15:26,467 - INFO - Analysis result: status=yes
2026-04-29 13:15:26,467 - INFO - ✅ Sub-question 2 succeeded: 14
2026-04-29 13:15:26,467 - INFO - 
==================================================
2026-04-29 13:15:26,467 - INFO - Final answer: 14
2026-04-29 13:15:26,467 - INFO - Total time: 34.52 seconds
2026-04-29 13:15:26,467 - INFO - Retrieval rounds: 2
2026-04-29 13:15:26,467 - INFO - Execution traces: 3
2026-04-29 13:15:26,467 - INFO - ==================================================

2026-04-29 13:15:26,467 - INFO - 
==================================================
Processing question: How were the people from whom new coins were a proclamation of independence by the Somali Muslim Ajuran Empire expelled from the country between Thailand and A Lim's country?
==================================================
2026-04-29 13:15:26,467 - INFO - 🎯 PLAN Agent: Starting question decomposition
2026-04-29 13:16:17,757 - INFO - HTTP Request: POST http://127.0.0.1:8001/v1/chat/completions "HTTP/1.1 200 OK"
2026-04-29 13:16:17,759 - INFO - Generated plan: 1 sub-questions
2026-04-29 13:16:17,759 - INFO - 
Processing sub-question 1: How were the people from whom new coins were a proclamation of independence by the Somali Muslim Ajuran Empire expelled from the country between Thailand and A Lim's country?
2026-04-29 13:16:17,843 - INFO - 🔍 Analysis-Answer Agent: Starting information analysis
2026-04-29 13:16:34,614 - INFO - HTTP Request: POST http://127.0.0.1:8001/v1/chat/completions "HTTP/1.1 200 OK"
2026-04-29 13:16:34,615 - INFO - Analysis result: status=no
2026-04-29 13:16:34,615 - INFO - Insufficient information, attempting query rewrite (attempt 1/2)
2026-04-29 13:16:34,615 - INFO - ✏️ Rewrite Agent: Starting query rewrite
2026-04-29 13:16:43,745 - INFO - HTTP Request: POST http://127.0.0.1:8001/v1/chat/completions "HTTP/1.1 200 OK"
2026-04-29 13:16:43,746 - INFO - Rewrite strategy: Removed geographically disconnected references to Thailand and Laos, focused on core entities (Ajuran Empire, coinage, Portuguese influence) and related concepts (economic independence, expulsion). Used synonyms like 'economic autonomy' and 'currency' to capture alternative phrasings.
2026-04-29 13:16:43,819 - INFO - 🔍 Analysis-Answer Agent: Starting information analysis
2026-04-29 13:17:02,787 - INFO - HTTP Request: POST http://127.0.0.1:8001/v1/chat/completions "HTTP/1.1 200 OK"
2026-04-29 13:17:02,788 - INFO - Analysis result: status=no
2026-04-29 13:17:02,788 - INFO - Insufficient information, attempting query rewrite (attempt 2/2)
2026-04-29 13:17:02,788 - INFO - ✏️ Rewrite Agent: Starting query rewrite
2026-04-29 13:17:21,832 - INFO - HTTP Request: POST http://127.0.0.1:8001/v1/chat/completions "HTTP/1.1 200 OK"
2026-04-29 13:17:21,833 - INFO - Rewrite strategy: Separated distinct historical contexts (Ajuran Empire's coinage vs. Southeast Asian expulsions), expanded keywords for economic independence and forced migration, included regional terms for geographic specificity
2026-04-29 13:17:21,911 - INFO - 🔍 Analysis-Answer Agent: Starting information analysis
2026-04-29 13:17:36,588 - INFO - HTTP Request: POST http://127.0.0.1:8001/v1/chat/completions "HTTP/1.1 200 OK"
2026-04-29 13:17:36,589 - INFO - Analysis result: status=no
2026-04-29 13:17:36,589 - WARNING - ❌ Sub-question 1 failed: The documents mention the Somali Muslim Ajuran Empire's use of new coinage to defy Portuguese economic dominance, but there is no information connecting this to expulsions of people between Thailand and A Lim's country (a village in Laos). The references to Thailand's Patani United Liberation Organisation (PULO) and A Lim's country are unrelated to the Ajuran Empire's historical actions. The documents lack sufficient details to address the specific claim about expulsions linked to the Ajuran Empire's coins.
2026-04-29 13:17:36,590 - INFO - 
==================================================
2026-04-29 13:17:36,590 - INFO - Final answer: Unable to find answer
2026-04-29 13:17:36,590 - INFO - Total time: 130.12 seconds
2026-04-29 13:17:36,590 - INFO - Retrieval rounds: 3
2026-04-29 13:17:36,590 - INFO - Execution traces: 6
2026-04-29 13:17:36,590 - INFO - ==================================================

2026-04-29 13:17:36,590 - INFO - 
==================================================
Processing question: What is the birthplace of the person after whom São José dos Campos was named?
==================================================
2026-04-29 13:17:36,590 - INFO - 🎯 PLAN Agent: Starting question decomposition
2026-04-29 13:17:44,429 - INFO - HTTP Request: POST http://127.0.0.1:8001/v1/chat/completions "HTTP/1.1 200 OK"
2026-04-29 13:17:44,431 - INFO - Generated plan: 2 sub-questions
2026-04-29 13:17:44,431 - INFO - 
Processing sub-question 1: Who was São José dos Campos named after?
2026-04-29 13:17:44,499 - INFO - 🔍 Analysis-Answer Agent: Starting information analysis
2026-04-29 13:18:01,920 - INFO - HTTP Request: POST http://127.0.0.1:8001/v1/chat/completions "HTTP/1.1 200 OK"
2026-04-29 13:18:01,922 - INFO - Analysis result: status=yes
2026-04-29 13:18:01,922 - INFO - ✅ Sub-question 1 succeeded: São José dos Campos was named after Saint Joseph (Joseph the Worker). The name translates to 'Saint Joseph of the Fields' in English, indicating its naming origin.
2026-04-29 13:18:01,922 - INFO - 
Processing sub-question 2: Where was São José dos Campos was named after Saint Joseph (Joseph the Worker). The name translates to 'Saint Joseph of the Fields' in English, indicating its naming origin. born?
2026-04-29 13:18:02,003 - INFO - 🔍 Analysis-Answer Agent: Starting information analysis
2026-04-29 13:18:20,313 - INFO - HTTP Request: POST http://127.0.0.1:8001/v1/chat/completions "HTTP/1.1 200 OK"
2026-04-29 13:18:20,315 - INFO - Analysis result: status=no
2026-04-29 13:18:20,315 - INFO - Insufficient information, attempting query rewrite (attempt 1/2)
2026-04-29 13:18:20,315 - INFO - ✏️ Rewrite Agent: Starting query rewrite
2026-04-29 13:18:42,936 - INFO - HTTP Request: POST http://127.0.0.1:8001/v1/chat/completions "HTTP/1.1 200 OK"
2026-04-29 13:18:42,937 - INFO - Rewrite strategy: Focused on the specific entity 'Saint Joseph (Joseph the Worker)' and expanded keywords to include 'birthplace,' 'origins,' 'historical background,' and related terms to capture diverse phrasings of the saint's birthplace information.
2026-04-29 13:18:43,025 - INFO - 🔍 Analysis-Answer Agent: Starting information analysis
2026-04-29 13:19:10,366 - INFO - HTTP Request: POST http://127.0.0.1:8001/v1/chat/completions "HTTP/1.1 200 OK"
2026-04-29 13:19:10,367 - INFO - Analysis result: status=no
2026-04-29 13:19:10,367 - INFO - Insufficient information, attempting query rewrite (attempt 2/2)
2026-04-29 13:19:10,367 - INFO - ✏️ Rewrite Agent: Starting query rewrite
2026-04-29 13:19:23,097 - INFO - HTTP Request: POST http://127.0.0.1:8001/v1/chat/completions "HTTP/1.1 200 OK"
2026-04-29 13:19:23,098 - INFO - Rewrite strategy: Expanded keywords to include alternative spellings/abbreviations (e.g., 'St. Joseph'), geographical context (Brazil/São Paulo), and related terms (etymology, origin) to capture broader search results while maintaining core entities.
2026-04-29 13:19:23,173 - INFO - 🔍 Analysis-Answer Agent: Starting information analysis
2026-04-29 13:19:55,640 - INFO - HTTP Request: POST http://127.0.0.1:8001/v1/chat/completions "HTTP/1.1 200 OK"
2026-04-29 13:19:55,641 - INFO - Analysis result: status=yes
2026-04-29 13:19:55,641 - INFO - ✅ Sub-question 2 succeeded: São José dos Campos is located in the state of São Paulo, Brazil. The name translates to 'Saint Joseph of the Fields' and reflects its naming origin after Saint Joseph (Joseph the Worker).
2026-04-29 13:19:55,641 - INFO - 
==================================================
2026-04-29 13:19:55,641 - INFO - Final answer: São José dos Campos is located in the state of São Paulo, Brazil. The name translates to 'Saint Joseph of the Fields' and reflects its naming origin after Saint Joseph (Joseph the Worker).
2026-04-29 13:19:55,641 - INFO - Total time: 139.05 seconds
2026-04-29 13:19:55,641 - INFO - Retrieval rounds: 4
2026-04-29 13:19:55,641 - INFO - Execution traces: 7
2026-04-29 13:19:55,641 - INFO - ==================================================

2026-04-29 13:19:55,642 - INFO - 
==================================================
Processing question: How many times did plague occur in the place where Crucifixion's creator died?
==================================================
2026-04-29 13:19:55,642 - INFO - 🎯 PLAN Agent: Starting question decomposition
2026-04-29 13:20:46,964 - INFO - HTTP Request: POST http://127.0.0.1:8001/v1/chat/completions "HTTP/1.1 200 OK"
2026-04-29 13:20:46,965 - INFO - Generated plan: 1 sub-questions
2026-04-29 13:20:46,965 - INFO - 
Processing sub-question 1: How many times did plague occur in the place where Crucifixion's creator died?
2026-04-29 13:20:47,046 - INFO - 🔍 Analysis-Answer Agent: Starting information analysis
2026-04-29 13:21:27,883 - INFO - HTTP Request: POST http://127.0.0.1:8001/v1/chat/completions "HTTP/1.1 200 OK"
2026-04-29 13:21:27,884 - INFO - Analysis result: status=no
2026-04-29 13:21:27,885 - INFO - Insufficient information, attempting query rewrite (attempt 1/2)
2026-04-29 13:21:27,885 - INFO - ✏️ Rewrite Agent: Starting query rewrite
2026-04-29 13:21:40,719 - INFO - HTTP Request: POST http://127.0.0.1:8001/v1/chat/completions "HTTP/1.1 200 OK"
2026-04-29 13:21:40,720 - INFO - Rewrite strategy: Expanded keywords to include alternative names for the crucifixion site (Golgotha/Calvary), specified Jerusalem as the traditional location, and added synonyms for 'plague' (Black Death, outbreaks, epidemics) to improve search relevance.
2026-04-29 13:21:40,796 - INFO - 🔍 Analysis-Answer Agent: Starting information analysis
2026-04-29 13:22:07,861 - INFO - HTTP Request: POST http://127.0.0.1:8001/v1/chat/completions "HTTP/1.1 200 OK"
2026-04-29 13:22:07,863 - INFO - Analysis result: status=no
2026-04-29 13:22:07,863 - INFO - Insufficient information, attempting query rewrite (attempt 2/2)
2026-04-29 13:22:07,863 - INFO - ✏️ Rewrite Agent: Starting query rewrite
2026-04-29 13:22:22,632 - INFO - HTTP Request: POST http://127.0.0.1:8001/v1/chat/completions "HTTP/1.1 200 OK"
2026-04-29 13:22:22,633 - INFO - Rewrite strategy: Expanded keywords to include geographic terms (Jerusalem, Holy Land, Golgotha) and plague synonyms (epidemics, Black Death) while maintaining focus on the crucifixion site. Added historical context to bridge the gap between religious sites and plague history.
2026-04-29 13:22:22,708 - INFO - 🔍 Analysis-Answer Agent: Starting information analysis
2026-04-29 13:22:44,397 - INFO - HTTP Request: POST http://127.0.0.1:8001/v1/chat/completions "HTTP/1.1 200 OK"
2026-04-29 13:22:44,398 - INFO - Analysis result: status=no
2026-04-29 13:22:44,399 - WARNING - ❌ Sub-question 1 failed: The documents discuss the Black Death's impact across Europe, mentioning cities like Paris, Venice, and London, but none specify plague occurrences in Jerusalem (where Jesus was crucified). While some texts reference plague houses in Vienna and outbreaks in Venice, there is no explicit information about plague frequency in Jerusalem. The question requires data on Jerusalem-specific plague events, which the retrieved documents lack.
2026-04-29 13:22:44,399 - INFO - 
==================================================
2026-04-29 13:22:44,399 - INFO - Final answer: Unable to find answer
2026-04-29 13:22:44,399 - INFO - Total time: 168.76 seconds
2026-04-29 13:22:44,399 - INFO - Retrieval rounds: 3
2026-04-29 13:22:44,399 - INFO - Execution traces: 6
2026-04-29 13:22:44,399 - INFO - ==================================================

2026-04-29 13:22:44,399 - INFO - 
==================================================
Processing question: What year did the Governor of the city where the basilica named after the same saint as the one that Mantua Cathedral is dedicated to die?
==================================================
2026-04-29 13:22:44,399 - INFO - 🎯 PLAN Agent: Starting question decomposition
2026-04-29 13:23:35,602 - INFO - HTTP Request: POST http://127.0.0.1:8001/v1/chat/completions "HTTP/1.1 200 OK"
2026-04-29 13:23:35,603 - INFO - Generated plan: 1 sub-questions
2026-04-29 13:23:35,603 - INFO - 
Processing sub-question 1: What year did the Governor of the city where the basilica named after the same saint as the one that Mantua Cathedral is dedicated to die?
2026-04-29 13:23:35,696 - INFO - 🔍 Analysis-Answer Agent: Starting information analysis
2026-04-29 13:24:12,949 - INFO - HTTP Request: POST http://127.0.0.1:8001/v1/chat/completions "HTTP/1.1 200 OK"
2026-04-29 13:24:12,950 - INFO - Analysis result: status=yes
2026-04-29 13:24:12,950 - INFO - ✅ Sub-question 1 succeeded: 1952
2026-04-29 13:24:12,950 - INFO - 
==================================================
2026-04-29 13:24:12,950 - INFO - Final answer: 1952
2026-04-29 13:24:12,950 - INFO - Total time: 88.55 seconds
2026-04-29 13:24:12,950 - INFO - Retrieval rounds: 1
2026-04-29 13:24:12,950 - INFO - Execution traces: 2
2026-04-29 13:24:12,950 - INFO - ==================================================

2026-04-29 13:24:12,951 - INFO - 
==================================================
Processing question: What company succeeded the owner of Empire Sports Network?
==================================================
2026-04-29 13:24:12,951 - INFO - 🎯 PLAN Agent: Starting question decomposition
2026-04-29 13:24:25,185 - INFO - HTTP Request: POST http://127.0.0.1:8001/v1/chat/completions "HTTP/1.1 200 OK"
2026-04-29 13:24:25,186 - INFO - Generated plan: 2 sub-questions
2026-04-29 13:24:25,186 - INFO - 
Processing sub-question 1: Who is the current owner of Empire Sports Network?
2026-04-29 13:24:25,251 - INFO - 🔍 Analysis-Answer Agent: Starting information analysis
2026-04-29 13:24:41,301 - INFO - HTTP Request: POST http://127.0.0.1:8001/v1/chat/completions "HTTP/1.1 200 OK"
2026-04-29 13:24:41,302 - INFO - Analysis result: status=no
2026-04-29 13:24:41,302 - INFO - Insufficient information, attempting query rewrite (attempt 1/2)
2026-04-29 13:24:41,302 - INFO - ✏️ Rewrite Agent: Starting query rewrite
2026-04-29 13:25:05,534 - INFO - HTTP Request: POST http://127.0.0.1:8001/v1/chat/completions "HTTP/1.1 200 OK"
2026-04-29 13:25:05,536 - INFO - Rewrite strategy: Expanded keywords to include synonyms for 'current owner' (present owner, proprietor, operator) and terms related to acquisition/post-bankruptcy status to capture potential subsequent ownership changes after 2005.
2026-04-29 13:25:05,622 - INFO - 🔍 Analysis-Answer Agent: Starting information analysis
2026-04-29 13:25:23,073 - INFO - HTTP Request: POST http://127.0.0.1:8001/v1/chat/completions "HTTP/1.1 200 OK"
2026-04-29 13:25:23,074 - INFO - Analysis result: status=no
2026-04-29 13:25:23,075 - INFO - Insufficient information, attempting query rewrite (attempt 2/2)
2026-04-29 13:25:23,075 - INFO - ✏️ Rewrite Agent: Starting query rewrite
2026-04-29 13:25:39,734 - INFO - HTTP Request: POST http://127.0.0.1:8001/v1/chat/completions "HTTP/1.1 200 OK"
2026-04-29 13:25:39,735 - INFO - Rewrite strategy: Expanded keywords to include synonyms for 'current' (present, proprietor) and added temporal context (after 2005) to focus on post-bankruptcy status. Included 'ownership history' to capture potential archival information about the network's status.
2026-04-29 13:25:39,817 - INFO - 🔍 Analysis-Answer Agent: Starting information analysis
2026-04-29 13:25:52,326 - INFO - HTTP Request: POST http://127.0.0.1:8001/v1/chat/completions "HTTP/1.1 200 OK"
2026-04-29 13:25:52,328 - INFO - Analysis result: status=no
2026-04-29 13:25:52,328 - WARNING - ❌ Sub-question 1 failed: The documents state that Empire Sports Network was owned by Adelphia Communications Corporation prior to its closure in 2005. However, they do not provide information about its current ownership status, as the network ceased operations over 18 years ago. No subsequent ownership details are mentioned in the retrieved texts.
2026-04-29 13:25:52,328 - WARNING - ⏭️ Skipping sub-question 2 due to missing dependencies: [1]
2026-04-29 13:25:52,328 - INFO - 
==================================================
2026-04-29 13:25:52,328 - INFO - Final answer: Unable to find answer
2026-04-29 13:25:52,328 - INFO - Total time: 99.38 seconds
2026-04-29 13:25:52,328 - INFO - Retrieval rounds: 3
2026-04-29 13:25:52,328 - INFO - Execution traces: 6
2026-04-29 13:25:52,328 - INFO - ==================================================

2026-04-29 13:25:52,328 - INFO - 
==================================================
Processing question: When was the Palau de la Generalitat constructed in the city where Martin from the region where Perdiguera is located died?
==================================================
2026-04-29 13:25:52,328 - INFO - 🎯 PLAN Agent: Starting question decomposition
2026-04-29 13:26:43,571 - INFO - HTTP Request: POST http://127.0.0.1:8001/v1/chat/completions "HTTP/1.1 200 OK"
2026-04-29 13:26:43,573 - INFO - Generated plan: 1 sub-questions
2026-04-29 13:26:43,573 - INFO - 
Processing sub-question 1: When was the Palau de la Generalitat constructed in the city where Martin from the region where Perdiguera is located died?
2026-04-29 13:26:43,678 - INFO - 🔍 Analysis-Answer Agent: Starting information analysis
2026-04-29 13:27:36,569 - INFO - HTTP Request: POST http://127.0.0.1:8001/v1/chat/completions "HTTP/1.1 200 OK"
2026-04-29 13:27:36,570 - INFO - Analysis result: status=yes
2026-04-29 13:27:36,570 - INFO - ✅ Sub-question 1 succeeded: 15th century
2026-04-29 13:27:36,570 - INFO - 
==================================================
2026-04-29 13:27:36,570 - INFO - Final answer: 15th century
2026-04-29 13:27:36,570 - INFO - Total time: 104.24 seconds
2026-04-29 13:27:36,570 - INFO - Retrieval rounds: 1
2026-04-29 13:27:36,570 - INFO - Execution traces: 2
2026-04-29 13:27:36,570 - INFO - ==================================================

2026-04-29 13:27:36,571 - INFO - 
==================================================
Processing question: Who married the actor from Terminator?
==================================================
2026-04-29 13:27:36,571 - INFO - 🎯 PLAN Agent: Starting question decomposition
2026-04-29 13:27:48,534 - INFO - HTTP Request: POST http://127.0.0.1:8001/v1/chat/completions "HTTP/1.1 200 OK"
2026-04-29 13:27:48,535 - INFO - Generated plan: 2 sub-questions
2026-04-29 13:27:48,535 - INFO - 
Processing sub-question 1: Who is the actor from Terminator?
2026-04-29 13:27:48,612 - INFO - 🔍 Analysis-Answer Agent: Starting information analysis
2026-04-29 13:28:02,431 - INFO - HTTP Request: POST http://127.0.0.1:8001/v1/chat/completions "HTTP/1.1 200 OK"
2026-04-29 13:28:02,432 - INFO - Analysis result: status=yes
2026-04-29 13:28:02,432 - INFO - ✅ Sub-question 1 succeeded: Arnold Schwarzenegger
2026-04-29 13:28:02,432 - INFO - 
Processing sub-question 2: Who did Arnold Schwarzenegger marry?
2026-04-29 13:28:02,497 - INFO - 🔍 Analysis-Answer Agent: Starting information analysis
2026-04-29 13:28:08,859 - INFO - HTTP Request: POST http://127.0.0.1:8001/v1/chat/completions "HTTP/1.1 200 OK"
2026-04-29 13:28:08,861 - INFO - Analysis result: status=yes
2026-04-29 13:28:08,861 - INFO - ✅ Sub-question 2 succeeded: Maria Shriver
2026-04-29 13:28:08,861 - INFO - 
==================================================
2026-04-29 13:28:08,861 - INFO - Final answer: Maria Shriver
2026-04-29 13:28:08,861 - INFO - Total time: 32.29 seconds
2026-04-29 13:28:08,861 - INFO - Retrieval rounds: 2
2026-04-29 13:28:08,861 - INFO - Execution traces: 3
2026-04-29 13:28:08,861 - INFO - ==================================================

2026-04-29 13:28:08,861 - INFO - 
==================================================
Processing question: Who was in charge of the place where Castricum is located?
==================================================
2026-04-29 13:28:08,861 - INFO - 🎯 PLAN Agent: Starting question decomposition
2026-04-29 13:28:20,879 - INFO - HTTP Request: POST http://127.0.0.1:8001/v1/chat/completions "HTTP/1.1 200 OK"
2026-04-29 13:28:20,880 - INFO - Generated plan: 2 sub-questions
2026-04-29 13:28:20,880 - INFO - 
Processing sub-question 1: What is the location of Castricum?
2026-04-29 13:28:20,957 - INFO - 🔍 Analysis-Answer Agent: Starting information analysis
2026-04-29 13:28:30,195 - INFO - HTTP Request: POST http://127.0.0.1:8001/v1/chat/completions "HTTP/1.1 200 OK"
2026-04-29 13:28:30,196 - INFO - Analysis result: status=yes
2026-04-29 13:28:30,196 - INFO - ✅ Sub-question 1 succeeded: Castricum is a seaside town in the province of North Holland.
2026-04-29 13:28:30,197 - INFO - 
Processing sub-question 2: Who was in charge of Castricum is a seaside town in the province of North Holland.?
2026-04-29 13:28:30,272 - INFO - 🔍 Analysis-Answer Agent: Starting information analysis
2026-04-29 13:28:42,911 - INFO - HTTP Request: POST http://127.0.0.1:8001/v1/chat/completions "HTTP/1.1 200 OK"
2026-04-29 13:28:42,912 - INFO - Analysis result: status=yes
2026-04-29 13:28:42,912 - INFO - ✅ Sub-question 2 succeeded: Johan Remkes
2026-04-29 13:28:42,913 - INFO - 
==================================================
2026-04-29 13:28:42,913 - INFO - Final answer: Johan Remkes
2026-04-29 13:28:42,913 - INFO - Total time: 34.05 seconds
2026-04-29 13:28:42,913 - INFO - Retrieval rounds: 2
2026-04-29 13:28:42,913 - INFO - Execution traces: 3
2026-04-29 13:28:42,913 - INFO - ==================================================

2026-04-29 13:28:42,913 - INFO - 
==================================================
Processing question: Who is the mascot of the university related to Randy Conrads?
==================================================
2026-04-29 13:28:42,913 - INFO - 🎯 PLAN Agent: Starting question decomposition
2026-04-29 13:28:54,234 - INFO - HTTP Request: POST http://127.0.0.1:8001/v1/chat/completions "HTTP/1.1 200 OK"
2026-04-29 13:28:54,235 - INFO - Generated plan: 2 sub-questions
2026-04-29 13:28:54,236 - INFO - 
Processing sub-question 1: What university is Randy Conrads associated with?
2026-04-29 13:28:54,309 - INFO - 🔍 Analysis-Answer Agent: Starting information analysis
2026-04-29 13:29:03,704 - INFO - HTTP Request: POST http://127.0.0.1:8001/v1/chat/completions "HTTP/1.1 200 OK"
2026-04-29 13:29:03,705 - INFO - Analysis result: status=yes
2026-04-29 13:29:03,705 - INFO - ✅ Sub-question 1 succeeded: Oregon State University
2026-04-29 13:29:03,705 - INFO - 
Processing sub-question 2: What is the mascot of Oregon State University?
2026-04-29 13:29:03,772 - INFO - 🔍 Analysis-Answer Agent: Starting information analysis
2026-04-29 13:29:11,797 - INFO - HTTP Request: POST http://127.0.0.1:8001/v1/chat/completions "HTTP/1.1 200 OK"
2026-04-29 13:29:11,798 - INFO - Analysis result: status=yes
2026-04-29 13:29:11,798 - INFO - ✅ Sub-question 2 succeeded: Benny Beaver
2026-04-29 13:29:11,798 - INFO - 
==================================================
2026-04-29 13:29:11,798 - INFO - Final answer: Benny Beaver
2026-04-29 13:29:11,798 - INFO - Total time: 28.89 seconds
2026-04-29 13:29:11,798 - INFO - Retrieval rounds: 2
2026-04-29 13:29:11,798 - INFO - Execution traces: 3
2026-04-29 13:29:11,798 - INFO - ==================================================

2026-04-29 13:29:11,799 - INFO - 
==================================================
Processing question: What does seal stand for in the U.S. military branch that operates destroyers, as well as the USS Edsall?
==================================================
2026-04-29 13:29:11,799 - INFO - 🎯 PLAN Agent: Starting question decomposition
2026-04-29 13:29:31,492 - INFO - HTTP Request: POST http://127.0.0.1:8001/v1/chat/completions "HTTP/1.1 200 OK"
2026-04-29 13:29:31,493 - INFO - Generated plan: 2 sub-questions
2026-04-29 13:29:31,493 - INFO - 
Processing sub-question 1: What is the U.S. military branch responsible for operating destroyers?
2026-04-29 13:29:31,565 - INFO - 🔍 Analysis-Answer Agent: Starting information analysis
2026-04-29 13:29:45,517 - INFO - HTTP Request: POST http://127.0.0.1:8001/v1/chat/completions "HTTP/1.1 200 OK"
2026-04-29 13:29:45,519 - INFO - Analysis result: status=yes
2026-04-29 13:29:45,519 - INFO - ✅ Sub-question 1 succeeded: The United States Navy
2026-04-29 13:29:45,519 - INFO - 
Processing sub-question 2: What does the The United States Navy seal represent, particularly in relation to the USS Edsall?
2026-04-29 13:29:45,596 - INFO - 🔍 Analysis-Answer Agent: Starting information analysis
2026-04-29 13:30:02,265 - INFO - HTTP Request: POST http://127.0.0.1:8001/v1/chat/completions "HTTP/1.1 200 OK"
2026-04-29 13:30:02,266 - INFO - Analysis result: status=no
2026-04-29 13:30:02,266 - INFO - Insufficient information, attempting query rewrite (attempt 1/2)
2026-04-29 13:30:02,266 - INFO - ✏️ Rewrite Agent: Starting query rewrite
2026-04-29 13:30:27,755 - INFO - HTTP Request: POST http://127.0.0.1:8001/v1/chat/completions "HTTP/1.1 200 OK"
2026-04-29 13:30:27,756 - INFO - Rewrite strategy: default expansion
2026-04-29 13:30:27,830 - INFO - 🔍 Analysis-Answer Agent: Starting information analysis
2026-04-29 13:30:43,899 - INFO - HTTP Request: POST http://127.0.0.1:8001/v1/chat/completions "HTTP/1.1 200 OK"
2026-04-29 13:30:43,900 - INFO - Analysis result: status=no
2026-04-29 13:30:43,900 - INFO - Insufficient information, attempting query rewrite (attempt 2/2)
2026-04-29 13:30:43,900 - INFO - ✏️ Rewrite Agent: Starting query rewrite
2026-04-29 13:30:58,026 - INFO - HTTP Request: POST http://127.0.0.1:8001/v1/chat/completions "HTTP/1.1 200 OK"
2026-04-29 13:30:58,027 - INFO - Rewrite strategy: Expanded keywords to include 'Navy SEAL emblem symbolism', 'Edsall-class destroyer escort', and 'historical connections' to address both entities and potential indirect relationships. Added specific ship details (Edsall-class, Seaman Norman Edsall) for precision.
2026-04-29 13:30:58,111 - INFO - 🔍 Analysis-Answer Agent: Starting information analysis
2026-04-29 13:31:13,921 - INFO - HTTP Request: POST http://127.0.0.1:8001/v1/chat/completions "HTTP/1.1 200 OK"
2026-04-29 13:31:13,922 - INFO - Analysis result: status=no
2026-04-29 13:31:13,922 - WARNING - ❌ Sub-question 2 failed: The documents explain that the United States Navy SEALs are the Navy's primary special operations force trained for maritime military operations in all environments (sea, air, land). However, there is no direct connection established between the Navy SEALs and the USS Edsall, which is described as an "Edsall-class destroyer escort" named after Seaman Norman Edsall. The documents do not indicate that the USS Edsall is related to the SEALs or that the ship's name holds specific symbolic meaning tied to the SEALs' mission or identity. The answer requires a link between the two, which is absent in the provided texts.
2026-04-29 13:31:13,922 - INFO - 
==================================================
2026-04-29 13:31:13,922 - INFO - Final answer: The United States Navy
2026-04-29 13:31:13,922 - INFO - Total time: 122.12 seconds
2026-04-29 13:31:13,922 - INFO - Retrieval rounds: 4
2026-04-29 13:31:13,922 - INFO - Execution traces: 7
2026-04-29 13:31:13,922 - INFO - ==================================================

2026-04-29 13:31:13,923 - INFO - 
==================================================
Processing question: Who is the child of Chiang Hsiao-wen's father?
==================================================
2026-04-29 13:31:13,923 - INFO - 🎯 PLAN Agent: Starting question decomposition
2026-04-29 13:31:33,841 - INFO - HTTP Request: POST http://127.0.0.1:8001/v1/chat/completions "HTTP/1.1 200 OK"
2026-04-29 13:31:33,842 - INFO - Generated plan: 2 sub-questions
2026-04-29 13:31:33,842 - INFO - 
Processing sub-question 1: Who is the father of Chiang Hsiao-wen?
2026-04-29 13:31:33,922 - INFO - 🔍 Analysis-Answer Agent: Starting information analysis
2026-04-29 13:31:47,169 - INFO - HTTP Request: POST http://127.0.0.1:8001/v1/chat/completions "HTTP/1.1 200 OK"
2026-04-29 13:31:47,170 - INFO - Analysis result: status=yes
2026-04-29 13:31:47,170 - INFO - ✅ Sub-question 1 succeeded: Chiang Ching-kuo
2026-04-29 13:31:47,170 - INFO - 
Processing sub-question 2: Who is the child of Chiang Ching-kuo?
2026-04-29 13:31:47,243 - INFO - 🔍 Analysis-Answer Agent: Starting information analysis
2026-04-29 13:32:19,357 - INFO - HTTP Request: POST http://127.0.0.1:8001/v1/chat/completions "HTTP/1.1 200 OK"
2026-04-29 13:32:19,359 - INFO - Analysis result: status=yes
2026-04-29 13:32:19,359 - INFO - ✅ Sub-question 2 succeeded: Chiang Ching-kuo's children include his daughter Chiang Hsiao-chang (born 1938), eldest son Chiang Hsiao-wen (1935–1989), second son Chiang Hsiao-wu (1945–1991), and two half-brothers, Winston Chang and John Chiang. Chiang Hsiao-chang is the only legitimate child mentioned in the documents.
2026-04-29 13:32:19,359 - INFO - 
==================================================
2026-04-29 13:32:19,359 - INFO - Final answer: Chiang Ching-kuo's children include his daughter Chiang Hsiao-chang (born 1938), eldest son Chiang Hsiao-wen (1935–1989), second son Chiang Hsiao-wu (1945–1991), and two half-brothers, Winston Chang and John Chiang. Chiang Hsiao-chang is the only legitimate child mentioned in the documents.
2026-04-29 13:32:19,359 - INFO - Total time: 65.44 seconds
2026-04-29 13:32:19,359 - INFO - Retrieval rounds: 2
2026-04-29 13:32:19,359 - INFO - Execution traces: 3
2026-04-29 13:32:19,359 - INFO - ==================================================

2026-04-29 13:32:19,360 - INFO - 
==================================================
Processing question: Where was the person who wrote about the rioting being a dividing factor in Birmingham educated?
==================================================
2026-04-29 13:32:19,360 - INFO - 🎯 PLAN Agent: Starting question decomposition
2026-04-29 13:32:29,312 - INFO - HTTP Request: POST http://127.0.0.1:8001/v1/chat/completions "HTTP/1.1 200 OK"
2026-04-29 13:32:29,314 - INFO - Generated plan: 2 sub-questions
2026-04-29 13:32:29,314 - INFO - 
Processing sub-question 1: Who wrote about the rioting being a dividing factor in Birmingham?
2026-04-29 13:32:29,394 - INFO - 🔍 Analysis-Answer Agent: Starting information analysis
2026-04-29 13:32:43,562 - INFO - HTTP Request: POST http://127.0.0.1:8001/v1/chat/completions "HTTP/1.1 200 OK"
2026-04-29 13:32:43,563 - INFO - Analysis result: status=yes
2026-04-29 13:32:43,563 - INFO - ✅ Sub-question 1 succeeded: Industrialist James Watt
2026-04-29 13:32:43,563 - INFO - 
Processing sub-question 2: Where was Industrialist James Watt educated?
2026-04-29 13:32:43,634 - INFO - 🔍 Analysis-Answer Agent: Starting information analysis
2026-04-29 13:33:29,111 - INFO - HTTP Request: POST http://127.0.0.1:8001/v1/chat/completions "HTTP/1.1 200 OK"
2026-04-29 13:33:29,113 - INFO - Analysis result: status=yes
2026-04-29 13:33:29,113 - INFO - ✅ Sub-question 2 succeeded: The Royal High School in Edinburgh
2026-04-29 13:33:29,113 - INFO - 
==================================================
2026-04-29 13:33:29,113 - INFO - Final answer: The Royal High School in Edinburgh
2026-04-29 13:33:29,113 - INFO - Total time: 69.75 seconds
2026-04-29 13:33:29,113 - INFO - Retrieval rounds: 2
2026-04-29 13:33:29,113 - INFO - Execution traces: 3
2026-04-29 13:33:29,113 - INFO - ==================================================

2026-04-29 13:33:29,113 - INFO - 
==================================================
Processing question: Whose sister played Susie in miracle on 34th street?
==================================================
2026-04-29 13:33:29,113 - INFO - 🎯 PLAN Agent: Starting question decomposition
2026-04-29 13:34:12,542 - INFO - HTTP Request: POST http://127.0.0.1:8001/v1/chat/completions "HTTP/1.1 200 OK"
2026-04-29 13:34:12,543 - INFO - Generated plan: 2 sub-questions
2026-04-29 13:34:12,543 - INFO - 
Processing sub-question 1: Who played Susie in Miracle on 34th Street?
2026-04-29 13:34:12,620 - INFO - 🔍 Analysis-Answer Agent: Starting information analysis
2026-04-29 13:35:06,919 - INFO - HTTP Request: POST http://127.0.0.1:8001/v1/chat/completions "HTTP/1.1 200 OK"
2026-04-29 13:35:06,920 - INFO - Analysis result: status=no
2026-04-29 13:35:06,920 - INFO - Insufficient information, attempting query rewrite (attempt 1/2)
2026-04-29 13:35:06,920 - INFO - ✏️ Rewrite Agent: Starting query rewrite
2026-04-29 13:35:24,934 - INFO - HTTP Request: POST http://127.0.0.1:8001/v1/chat/completions "HTTP/1.1 200 OK"
2026-04-29 13:35:24,935 - INFO - Rewrite strategy: Expanded the query to include both 'Susie' and 'Susan' as potential character names, added film years for specificity, and included synonyms like 'played' to capture different phrasings.
2026-04-29 13:35:25,032 - INFO - 🔍 Analysis-Answer Agent: Starting information analysis
2026-04-29 13:36:23,513 - INFO - HTTP Request: POST http://127.0.0.1:8001/v1/chat/completions "HTTP/1.1 200 OK"
2026-04-29 13:36:23,514 - INFO - Analysis result: status=no
2026-04-29 13:36:23,514 - INFO - Insufficient information, attempting query rewrite (attempt 2/2)
2026-04-29 13:36:23,515 - INFO - ✏️ Rewrite Agent: Starting query rewrite
2026-04-29 13:36:43,544 - INFO - HTTP Request: POST http://127.0.0.1:8001/v1/chat/completions "HTTP/1.1 200 OK"
2026-04-29 13:36:43,545 - INFO - Rewrite strategy: Expanded query with full movie title, year, and synonyms for 'played' (acted by/portraying) to improve search precision
2026-04-29 13:36:43,630 - INFO - 🔍 Analysis-Answer Agent: Starting information analysis
2026-04-29 13:37:38,725 - INFO - HTTP Request: POST http://127.0.0.1:8001/v1/chat/completions "HTTP/1.1 200 OK"
2026-04-29 13:37:38,727 - INFO - Analysis result: status=no
2026-04-29 13:37:38,727 - WARNING - ❌ Sub-question 1 failed: The documents mention 'Susan' in the 1947 film 'Miracle on 34th Street' (played by Natalie Wood) and 'Susan Walker' in the 1994 version (played by Mara Elizabeth Wilson). However, the question specifically asks about 'Susie,' a name not directly referenced in the retrieved documents. While there may be a typographical error or confusion between 'Susie' and 'Susan,' the documents do not explicitly mention a character named 'Susie' in the context of the film. Thus, the necessary information to answer the question as phrased is lacking.
2026-04-29 13:37:38,727 - WARNING - ⏭️ Skipping sub-question 2 due to missing dependencies: [1]
2026-04-29 13:37:38,727 - INFO - 
==================================================
2026-04-29 13:37:38,727 - INFO - Final answer: Unable to find answer
2026-04-29 13:37:38,727 - INFO - Total time: 249.61 seconds
2026-04-29 13:37:38,727 - INFO - Retrieval rounds: 3
2026-04-29 13:37:38,727 - INFO - Execution traces: 6
2026-04-29 13:37:38,727 - INFO - ==================================================

2026-04-29 13:37:38,727 - INFO - 
==================================================
Processing question: Who is the child of the Italian navigator who explored the eastern coast of the continent César Gaytan was born in for the English?
==================================================
2026-04-29 13:37:38,727 - INFO - 🎯 PLAN Agent: Starting question decomposition
2026-04-29 13:38:29,887 - INFO - HTTP Request: POST http://127.0.0.1:8001/v1/chat/completions "HTTP/1.1 200 OK"
2026-04-29 13:38:29,888 - INFO - Generated plan: 1 sub-questions
2026-04-29 13:38:29,888 - INFO - 
Processing sub-question 1: Who is the child of the Italian navigator who explored the eastern coast of the continent César Gaytan was born in for the English?
2026-04-29 13:38:29,979 - INFO - 🔍 Analysis-Answer Agent: Starting information analysis
2026-04-29 13:38:50,677 - INFO - HTTP Request: POST http://127.0.0.1:8001/v1/chat/completions "HTTP/1.1 200 OK"
2026-04-29 13:38:50,678 - INFO - Analysis result: status=yes
2026-04-29 13:38:50,678 - INFO - ✅ Sub-question 1 succeeded: Sebastian Cabot
2026-04-29 13:38:50,678 - INFO - 
==================================================
2026-04-29 13:38:50,678 - INFO - Final answer: Sebastian Cabot
2026-04-29 13:38:50,678 - INFO - Total time: 71.95 seconds
2026-04-29 13:38:50,678 - INFO - Retrieval rounds: 1
2026-04-29 13:38:50,679 - INFO - Execution traces: 2
2026-04-29 13:38:50,679 - INFO - ==================================================

2026-04-29 13:38:50,679 - INFO - 
==================================================
Processing question: Who is the spouse of Young Man Luther's author?
==================================================
2026-04-29 13:38:50,679 - INFO - 🎯 PLAN Agent: Starting question decomposition
2026-04-29 13:39:01,983 - INFO - HTTP Request: POST http://127.0.0.1:8001/v1/chat/completions "HTTP/1.1 200 OK"
2026-04-29 13:39:01,984 - INFO - Generated plan: 2 sub-questions
2026-04-29 13:39:01,984 - INFO - 
Processing sub-question 1: Who is the author of Young Man Luther?
2026-04-29 13:39:02,059 - INFO - 🔍 Analysis-Answer Agent: Starting information analysis
2026-04-29 13:39:09,692 - INFO - HTTP Request: POST http://127.0.0.1:8001/v1/chat/completions "HTTP/1.1 200 OK"
2026-04-29 13:39:09,693 - INFO - Analysis result: status=yes
2026-04-29 13:39:09,693 - INFO - ✅ Sub-question 1 succeeded: Erik Erikson
2026-04-29 13:39:09,693 - INFO - 
Processing sub-question 2: Who is the spouse of Erik Erikson?
2026-04-29 13:39:09,764 - INFO - 🔍 Analysis-Answer Agent: Starting information analysis
2026-04-29 13:39:33,000 - INFO - HTTP Request: POST http://127.0.0.1:8001/v1/chat/completions "HTTP/1.1 200 OK"
2026-04-29 13:39:33,001 - INFO - Analysis result: status=no
2026-04-29 13:39:33,001 - INFO - Insufficient information, attempting query rewrite (attempt 1/2)
2026-04-29 13:39:33,001 - INFO - ✏️ Rewrite Agent: Starting query rewrite
2026-04-29 13:39:40,632 - INFO - HTTP Request: POST http://127.0.0.1:8001/v1/chat/completions "HTTP/1.1 200 OK"
2026-04-29 13:39:40,633 - INFO - Rewrite strategy: Expanded keywords to include professional context (psychological theories, developmental psychology) and alternative terms for spouse (wife, husband, partner) to increase relevance
2026-04-29 13:39:40,706 - INFO - 🔍 Analysis-Answer Agent: Starting information analysis
2026-04-29 13:39:57,004 - INFO - HTTP Request: POST http://127.0.0.1:8001/v1/chat/completions "HTTP/1.1 200 OK"
2026-04-29 13:39:57,005 - INFO - Analysis result: status=no
2026-04-29 13:39:57,005 - INFO - Insufficient information, attempting query rewrite (attempt 2/2)
2026-04-29 13:39:57,005 - INFO - ✏️ Rewrite Agent: Starting query rewrite
2026-04-29 13:40:10,124 - INFO - HTTP Request: POST http://127.0.0.1:8001/v1/chat/completions "HTTP/1.1 200 OK"
2026-04-29 13:40:10,125 - INFO - Rewrite strategy: Expanded keywords to include synonyms for 'spouse' (wife, husband, partner) and related concepts (marriage, family, biographical, personal life, children, relatives) to capture potential mentions of Erikson's personal relationships in diverse contexts.
2026-04-29 13:40:10,209 - INFO - 🔍 Analysis-Answer Agent: Starting information analysis
2026-04-29 13:40:22,600 - INFO - HTTP Request: POST http://127.0.0.1:8001/v1/chat/completions "HTTP/1.1 200 OK"
2026-04-29 13:40:22,601 - INFO - Analysis result: status=no
2026-04-29 13:40:22,601 - WARNING - ❌ Sub-question 2 failed: The retrieved documents do not contain any information about Erik Erikson's spouse. While the documents mention Erik Erikson in the context of his psychological work (e.g., chunk 55), they do not provide details about his personal life or marital status. Other chunks reference spouses for entirely different individuals (e.g., George Wickham, Margaret McWade, etc.), but none pertain to Erik Erikson.
2026-04-29 13:40:22,601 - INFO - 
==================================================
2026-04-29 13:40:22,601 - INFO - Final answer: Erik Erikson
2026-04-29 13:40:22,601 - INFO - Total time: 91.92 seconds
2026-04-29 13:40:22,601 - INFO - Retrieval rounds: 4
2026-04-29 13:40:22,601 - INFO - Execution traces: 7
2026-04-29 13:40:22,601 - INFO - ==================================================

2026-04-29 13:40:22,602 - INFO - 
==================================================
Processing question: How many times did the plague occur in the city where the painter of The Bacchanal of the Andrians died?
==================================================
2026-04-29 13:40:22,602 - INFO - 🎯 PLAN Agent: Starting question decomposition
2026-04-29 13:41:13,891 - INFO - HTTP Request: POST http://127.0.0.1:8001/v1/chat/completions "HTTP/1.1 200 OK"
2026-04-29 13:41:13,893 - INFO - Generated plan: 1 sub-questions
2026-04-29 13:41:13,893 - INFO - 
Processing sub-question 1: How many times did the plague occur in the city where the painter of The Bacchanal of the Andrians died?
2026-04-29 13:41:13,970 - INFO - 🔍 Analysis-Answer Agent: Starting information analysis
2026-04-29 13:41:36,921 - INFO - HTTP Request: POST http://127.0.0.1:8001/v1/chat/completions "HTTP/1.1 200 OK"
2026-04-29 13:41:36,922 - INFO - Analysis result: status=no
2026-04-29 13:41:36,922 - INFO - Insufficient information, attempting query rewrite (attempt 1/2)
2026-04-29 13:41:36,922 - INFO - ✏️ Rewrite Agent: Starting query rewrite
2026-04-29 13:41:57,755 - INFO - HTTP Request: POST http://127.0.0.1:8001/v1/chat/completions "HTTP/1.1 200 OK"
2026-04-29 13:41:57,756 - INFO - Rewrite strategy: Expanded keywords to include synonyms for 'died' (death place, place of death) and alternative phrasings for Venice (Venetian city). Added terms related to historical records (outbreaks, occurrences) to connect plague data with Titian's death location.
2026-04-29 13:41:57,838 - INFO - 🔍 Analysis-Answer Agent: Starting information analysis
2026-04-29 13:42:56,345 - INFO - HTTP Request: POST http://127.0.0.1:8001/v1/chat/completions "HTTP/1.1 200 OK"
2026-04-29 13:42:56,346 - INFO - Analysis result: status=no
2026-04-29 13:42:56,346 - INFO - Insufficient information, attempting query rewrite (attempt 2/2)
2026-04-29 13:42:56,346 - INFO - ✏️ Rewrite Agent: Starting query rewrite
2026-04-29 13:43:21,753 - INFO - HTTP Request: POST http://127.0.0.1:8001/v1/chat/completions "HTTP/1.1 200 OK"
2026-04-29 13:43:21,755 - INFO - Rewrite strategy: default expansion
2026-04-29 13:43:21,834 - INFO - 🔍 Analysis-Answer Agent: Starting information analysis
2026-04-29 13:43:55,588 - INFO - HTTP Request: POST http://127.0.0.1:8001/v1/chat/completions "HTTP/1.1 200 OK"
2026-04-29 13:43:55,589 - INFO - Analysis result: status=no
2026-04-29 13:43:55,589 - WARNING - ❌ Sub-question 1 failed: The documents confirm that 'The Bacchanal of the Andrians' was painted by Titian (chunk_55). However, there is no explicit information about the city where Titian died. While the documents mention plague occurrences in cities like Venice (22 times between 1361–1528) and other locations, none of these are linked to Titian's deathplace. The only plague-related detail tied to a specific person is Peter Strudel's death (chunk_55), but this is unrelated to Titian. Without knowing Titian's death city, the question cannot be answered.
2026-04-29 13:43:55,589 - INFO - 
==================================================
2026-04-29 13:43:55,589 - INFO - Final answer: Unable to find answer
2026-04-29 13:43:55,589 - INFO - Total time: 212.99 seconds
2026-04-29 13:43:55,589 - INFO - Retrieval rounds: 3
2026-04-29 13:43:55,589 - INFO - Execution traces: 6
2026-04-29 13:43:55,589 - INFO - ==================================================

2026-04-29 13:43:55,589 - INFO - 
==================================================
Processing question: In what year was the group who performed Attics To Eden formed?
==================================================
2026-04-29 13:43:55,589 - INFO - 🎯 PLAN Agent: Starting question decomposition
2026-04-29 13:44:04,575 - INFO - HTTP Request: POST http://127.0.0.1:8001/v1/chat/completions "HTTP/1.1 200 OK"
2026-04-29 13:44:04,576 - INFO - Generated plan: 2 sub-questions
2026-04-29 13:44:04,576 - INFO - 
Processing sub-question 1: What group performed the song Attics To Eden?
2026-04-29 13:44:04,640 - INFO - 🔍 Analysis-Answer Agent: Starting information analysis
2026-04-29 13:44:13,357 - INFO - HTTP Request: POST http://127.0.0.1:8001/v1/chat/completions "HTTP/1.1 200 OK"
2026-04-29 13:44:13,358 - INFO - Analysis result: status=yes
2026-04-29 13:44:13,358 - INFO - ✅ Sub-question 1 succeeded: Madina Lake
2026-04-29 13:44:13,358 - INFO - 
Processing sub-question 2: In what year was Madina Lake formed?
2026-04-29 13:44:13,430 - INFO - 🔍 Analysis-Answer Agent: Starting information analysis
2026-04-29 13:44:23,580 - INFO - HTTP Request: POST http://127.0.0.1:8001/v1/chat/completions "HTTP/1.1 200 OK"
2026-04-29 13:44:23,581 - INFO - Analysis result: status=yes
2026-04-29 13:44:23,581 - INFO - ✅ Sub-question 2 succeeded: 2005
2026-04-29 13:44:23,581 - INFO - 
==================================================
2026-04-29 13:44:23,581 - INFO - Final answer: 2005
2026-04-29 13:44:23,581 - INFO - Total time: 27.99 seconds
2026-04-29 13:44:23,582 - INFO - Retrieval rounds: 2
2026-04-29 13:44:23,582 - INFO - Execution traces: 3
2026-04-29 13:44:23,582 - INFO - ==================================================

2026-04-29 13:44:23,582 - INFO - 
==================================================
Processing question: Where did the arguer that the country Directive 10/2 called for actions against had become an imperialist power declare he would intervene in the Korean conflict?
==================================================
2026-04-29 13:44:23,582 - INFO - 🎯 PLAN Agent: Starting question decomposition
2026-04-29 13:45:14,849 - INFO - HTTP Request: POST http://127.0.0.1:8001/v1/chat/completions "HTTP/1.1 200 OK"
2026-04-29 13:45:14,851 - INFO - Generated plan: 1 sub-questions
2026-04-29 13:45:14,851 - INFO - 
Processing sub-question 1: Where did the arguer that the country Directive 10/2 called for actions against had become an imperialist power declare he would intervene in the Korean conflict?
2026-04-29 13:45:14,925 - INFO - 🔍 Analysis-Answer Agent: Starting information analysis
2026-04-29 13:45:59,205 - INFO - HTTP Request: POST http://127.0.0.1:8001/v1/chat/completions "HTTP/1.1 200 OK"
2026-04-29 13:45:59,206 - INFO - Analysis result: status=no
2026-04-29 13:45:59,206 - INFO - Insufficient information, attempting query rewrite (attempt 1/2)
2026-04-29 13:45:59,206 - INFO - ✏️ Rewrite Agent: Starting query rewrite
2026-04-29 13:46:10,111 - INFO - HTTP Request: POST http://127.0.0.1:8001/v1/chat/completions "HTTP/1.1 200 OK"
2026-04-29 13:46:10,112 - INFO - Rewrite strategy: Expanded entities (National Security Council) and concepts (covert operations, military intervention) while retaining core terms (Directive 10/2, Korean conflict). Added temporal context (1948) and focused on geographic/localization aspects.
2026-04-29 13:46:10,180 - INFO - 🔍 Analysis-Answer Agent: Starting information analysis
2026-04-29 13:46:47,147 - INFO - HTTP Request: POST http://127.0.0.1:8001/v1/chat/completions "HTTP/1.1 200 OK"
2026-04-29 13:46:47,148 - INFO - Analysis result: status=yes
2026-04-29 13:46:47,148 - INFO - ✅ Sub-question 1 succeeded: the un security council
2026-04-29 13:46:47,148 - INFO - 
==================================================
2026-04-29 13:46:47,148 - INFO - Final answer: the un security council
2026-04-29 13:46:47,148 - INFO - Total time: 143.57 seconds
2026-04-29 13:46:47,148 - INFO - Retrieval rounds: 2
2026-04-29 13:46:47,148 - INFO - Execution traces: 4
2026-04-29 13:46:47,148 - INFO - ==================================================

2026-04-29 13:46:47,149 - INFO - 
==================================================
Processing question: When did military instruction start at the place where Larry Alcala was educated?
==================================================
2026-04-29 13:46:47,149 - INFO - 🎯 PLAN Agent: Starting question decomposition
2026-04-29 13:46:56,386 - INFO - HTTP Request: POST http://127.0.0.1:8001/v1/chat/completions "HTTP/1.1 200 OK"
2026-04-29 13:46:56,388 - INFO - Generated plan: 2 sub-questions
2026-04-29 13:46:56,388 - INFO - 
Processing sub-question 1: Where was Larry Alcala educated?
2026-04-29 13:46:56,452 - INFO - 🔍 Analysis-Answer Agent: Starting information analysis
2026-04-29 13:47:19,910 - INFO - HTTP Request: POST http://127.0.0.1:8001/v1/chat/completions "HTTP/1.1 200 OK"
2026-04-29 13:47:19,912 - INFO - Analysis result: status=no
2026-04-29 13:47:19,912 - INFO - Insufficient information, attempting query rewrite (attempt 1/2)
2026-04-29 13:47:19,912 - INFO - ✏️ Rewrite Agent: Starting query rewrite
2026-04-29 13:47:32,830 - INFO - HTTP Request: POST http://127.0.0.1:8001/v1/chat/completions "HTTP/1.1 200 OK"
2026-04-29 13:47:32,831 - INFO - Rewrite strategy: Expanded keywords to include synonyms for 'educated' (attended, studied, graduated) and related terms (university, college, school, institute). Added 'biography' and 'career' to capture contextual mentions of education in professional contexts.
2026-04-29 13:47:32,914 - INFO - 🔍 Analysis-Answer Agent: Starting information analysis
2026-04-29 13:48:05,116 - INFO - HTTP Request: POST http://127.0.0.1:8001/v1/chat/completions "HTTP/1.1 200 OK"
2026-04-29 13:48:05,118 - INFO - Analysis result: status=no
2026-04-29 13:48:05,118 - INFO - Insufficient information, attempting query rewrite (attempt 2/2)
2026-04-29 13:48:05,118 - INFO - ✏️ Rewrite Agent: Starting query rewrite
2026-04-29 13:48:22,199 - INFO - HTTP Request: POST http://127.0.0.1:8001/v1/chat/completions "HTTP/1.1 200 OK"
2026-04-29 13:48:22,200 - INFO - Rewrite strategy: Expanded keywords to include synonyms for education (studied, attended, schools, universities) and added 'biography' to target biographical information. Retained core name variations while addressing potential name ambiguity.
2026-04-29 13:48:22,275 - INFO - 🔍 Analysis-Answer Agent: Starting information analysis
2026-04-29 13:49:11,971 - INFO - HTTP Request: POST http://127.0.0.1:8001/v1/chat/completions "HTTP/1.1 200 OK"
2026-04-29 13:49:11,972 - INFO - Analysis result: status=no
2026-04-29 13:49:11,972 - WARNING - ❌ Sub-question 1 failed: The documents mention a person born to Ernesto Alcala and Elpidia Zarate who obtained a Bachelor of Fine Arts degree from the University of the Philippines in 1950. However, the name 'Larry Alcala' is not explicitly stated in the text. While there is a possible connection to the surname 'Alcala,' the documents do not confirm that this individual is the same as 'Larry Alcala.' Without explicit mention of the full name, the information is insufficient to definitively answer the question.
2026-04-29 13:49:11,972 - WARNING - ⏭️ Skipping sub-question 2 due to missing dependencies: [1]
2026-04-29 13:49:11,972 - INFO - 
==================================================
2026-04-29 13:49:11,972 - INFO - Final answer: Unable to find answer
2026-04-29 13:49:11,972 - INFO - Total time: 144.82 seconds
2026-04-29 13:49:11,972 - INFO - Retrieval rounds: 3
2026-04-29 13:49:11,972 - INFO - Execution traces: 6
2026-04-29 13:49:11,972 - INFO - ==================================================

2026-04-29 13:49:11,973 - INFO - 
==================================================
Processing question: When did the city where Greenwood Laboratory School is located become capitol of the state where the screenwriter of The Poor Boob was born?
==================================================
2026-04-29 13:49:11,973 - INFO - 🎯 PLAN Agent: Starting question decomposition
2026-04-29 13:50:03,115 - INFO - HTTP Request: POST http://127.0.0.1:8001/v1/chat/completions "HTTP/1.1 200 OK"
2026-04-29 13:50:03,117 - INFO - Generated plan: 1 sub-questions
2026-04-29 13:50:03,117 - INFO - 
Processing sub-question 1: When did the city where Greenwood Laboratory School is located become capitol of the state where the screenwriter of The Poor Boob was born?
2026-04-29 13:50:03,203 - INFO - 🔍 Analysis-Answer Agent: Starting information analysis
2026-04-29 13:51:01,900 - INFO - HTTP Request: POST http://127.0.0.1:8001/v1/chat/completions "HTTP/1.1 200 OK"
2026-04-29 13:51:01,902 - INFO - Analysis result: status=no
2026-04-29 13:51:01,902 - INFO - Insufficient information, attempting query rewrite (attempt 1/2)
2026-04-29 13:51:01,902 - INFO - ✏️ Rewrite Agent: Starting query rewrite
2026-04-29 13:51:27,418 - INFO - HTTP Request: POST http://127.0.0.1:8001/v1/chat/completions "HTTP/1.1 200 OK"
2026-04-29 13:51:27,420 - INFO - Rewrite strategy: default expansion
2026-04-29 13:51:27,501 - INFO - 🔍 Analysis-Answer Agent: Starting information analysis
2026-04-29 13:52:25,676 - INFO - HTTP Request: POST http://127.0.0.1:8001/v1/chat/completions "HTTP/1.1 200 OK"
2026-04-29 13:52:25,677 - INFO - Analysis result: status=no
2026-04-29 13:52:25,677 - INFO - Insufficient information, attempting query rewrite (attempt 2/2)
2026-04-29 13:52:25,677 - INFO - ✏️ Rewrite Agent: Starting query rewrite
2026-04-29 13:52:51,165 - INFO - HTTP Request: POST http://127.0.0.1:8001/v1/chat/completions "HTTP/1.1 200 OK"
2026-04-29 13:52:51,167 - INFO - Rewrite strategy: default expansion
2026-04-29 13:52:51,256 - INFO - 🔍 Analysis-Answer Agent: Starting information analysis
2026-04-29 13:53:48,019 - INFO - HTTP Request: POST http://127.0.0.1:8001/v1/chat/completions "HTTP/1.1 200 OK"
2026-04-29 13:53:48,021 - INFO - Analysis result: status=no
2026-04-29 13:53:48,021 - WARNING - ❌ Sub-question 1 failed: Failed to parse response, information may be insufficient
2026-04-29 13:53:48,021 - INFO - 
==================================================
2026-04-29 13:53:48,021 - INFO - Final answer: Unable to find answer
2026-04-29 13:53:48,021 - INFO - Total time: 276.05 seconds
2026-04-29 13:53:48,021 - INFO - Retrieval rounds: 3
2026-04-29 13:53:48,021 - INFO - Execution traces: 6
2026-04-29 13:53:48,021 - INFO - ==================================================

2026-04-29 13:53:48,022 - INFO - 
==================================================
Processing question: Who is played by the director of The Good Shepherd in The Godfather?
==================================================
2026-04-29 13:53:48,022 - INFO - 🎯 PLAN Agent: Starting question decomposition
2026-04-29 13:54:26,529 - INFO - HTTP Request: POST http://127.0.0.1:8001/v1/chat/completions "HTTP/1.1 200 OK"
2026-04-29 13:54:26,530 - INFO - Generated plan: 2 sub-questions
2026-04-29 13:54:26,530 - INFO - 
Processing sub-question 1: Who is the director of The Good Shepherd?
2026-04-29 13:54:26,597 - INFO - 🔍 Analysis-Answer Agent: Starting information analysis
2026-04-29 13:54:35,092 - INFO - HTTP Request: POST http://127.0.0.1:8001/v1/chat/completions "HTTP/1.1 200 OK"
2026-04-29 13:54:35,093 - INFO - Analysis result: status=yes
2026-04-29 13:54:35,093 - INFO - ✅ Sub-question 1 succeeded: Robert De Niro
2026-04-29 13:54:35,093 - INFO - 
Processing sub-question 2: Which role did Robert De Niro play in The Godfather?
2026-04-29 13:54:35,172 - INFO - 🔍 Analysis-Answer Agent: Starting information analysis
2026-04-29 13:54:52,485 - INFO - HTTP Request: POST http://127.0.0.1:8001/v1/chat/completions "HTTP/1.1 200 OK"
2026-04-29 13:54:52,486 - INFO - Analysis result: status=yes
2026-04-29 13:54:52,486 - INFO - ✅ Sub-question 2 succeeded: Robert De Niro played the role of young Vito Corleone in The Godfather Part II.
2026-04-29 13:54:52,486 - INFO - 
==================================================
2026-04-29 13:54:52,487 - INFO - Final answer: Robert De Niro played the role of young Vito Corleone in The Godfather Part II.
2026-04-29 13:54:52,487 - INFO - Total time: 64.46 seconds
2026-04-29 13:54:52,487 - INFO - Retrieval rounds: 2
2026-04-29 13:54:52,487 - INFO - Execution traces: 3
2026-04-29 13:54:52,487 - INFO - ==================================================

2026-04-29 13:54:52,487 - INFO - 
==================================================
Processing question: How long are the council terms of the city that shares a county with Helvetia?
==================================================
2026-04-29 13:54:52,487 - INFO - 🎯 PLAN Agent: Starting question decomposition
2026-04-29 13:55:43,705 - INFO - HTTP Request: POST http://127.0.0.1:8001/v1/chat/completions "HTTP/1.1 200 OK"
2026-04-29 13:55:43,707 - INFO - Generated plan: 2 sub-questions
2026-04-29 13:55:43,707 - INFO - 
Processing sub-question 1: What county is Helvetia located in?
2026-04-29 13:55:43,773 - INFO - 🔍 Analysis-Answer Agent: Starting information analysis
2026-04-29 13:55:52,917 - INFO - HTTP Request: POST http://127.0.0.1:8001/v1/chat/completions "HTTP/1.1 200 OK"
2026-04-29 13:55:52,918 - INFO - Analysis result: status=yes
2026-04-29 13:55:52,918 - INFO - ✅ Sub-question 1 succeeded: Pima County, Arizona
2026-04-29 13:55:52,918 - INFO - 
Processing sub-question 2: What is the length of the council terms for Pima County, Arizona?
2026-04-29 13:55:52,995 - INFO - 🔍 Analysis-Answer Agent: Starting information analysis
2026-04-29 13:56:23,116 - INFO - HTTP Request: POST http://127.0.0.1:8001/v1/chat/completions "HTTP/1.1 200 OK"
2026-04-29 13:56:23,117 - INFO - Analysis result: status=no
2026-04-29 13:56:23,117 - INFO - Insufficient information, attempting query rewrite (attempt 1/2)
2026-04-29 13:56:23,117 - INFO - ✏️ Rewrite Agent: Starting query rewrite
2026-04-29 13:56:36,394 - INFO - HTTP Request: POST http://127.0.0.1:8001/v1/chat/completions "HTTP/1.1 200 OK"
2026-04-29 13:56:36,396 - INFO - Rewrite strategy: Expanded keywords to include county-specific terminology ('county board,' 'legislative term,' 'county government structure') and synonyms for 'term length' ('duration,' 'election cycle'). Added explicit references to Pima County and Arizona to ensure geographic specificity while differentiating county from city governance structures.
2026-04-29 13:56:36,484 - INFO - 🔍 Analysis-Answer Agent: Starting information analysis
2026-04-29 13:57:02,666 - INFO - HTTP Request: POST http://127.0.0.1:8001/v1/chat/completions "HTTP/1.1 200 OK"
2026-04-29 13:57:02,668 - INFO - Analysis result: status=no
2026-04-29 13:57:02,668 - INFO - Insufficient information, attempting query rewrite (attempt 2/2)
2026-04-29 13:57:02,668 - INFO - ✏️ Rewrite Agent: Starting query rewrite
2026-04-29 13:57:22,511 - INFO - HTTP Request: POST http://127.0.0.1:8001/v1/chat/completions "HTTP/1.1 200 OK"
2026-04-29 13:57:22,512 - INFO - Rewrite strategy: Expanded keywords to include synonyms for 'term length' (duration, period) and specified Pima County's governing body (Board of Supervisors) to differentiate from city councils. Added 'county government structure' to target documents discussing official term lengths at the county level.
2026-04-29 13:57:22,584 - INFO - 🔍 Analysis-Answer Agent: Starting information analysis
2026-04-29 13:57:37,517 - INFO - HTTP Request: POST http://127.0.0.1:8001/v1/chat/completions "HTTP/1.1 200 OK"
2026-04-29 13:57:37,518 - INFO - Analysis result: status=no
2026-04-29 13:57:37,518 - WARNING - ❌ Sub-question 2 failed: The retrieved documents do not contain specific information about the length of council terms for Pima County, Arizona. While some documents mention municipal governance structures (e.g., Richmond city council terms being 4 years), these are unrelated to Pima County. No direct reference to Pima County's council term lengths is found in the provided texts.
2026-04-29 13:57:37,518 - INFO - 
==================================================
2026-04-29 13:57:37,518 - INFO - Final answer: Pima County, Arizona
2026-04-29 13:57:37,518 - INFO - Total time: 165.03 seconds
2026-04-29 13:57:37,518 - INFO - Retrieval rounds: 4
2026-04-29 13:57:37,519 - INFO - Execution traces: 7
2026-04-29 13:57:37,519 - INFO - ==================================================

2026-04-29 13:57:37,519 - INFO - 
==================================================
Processing question: When was the region immediately north of the region that prevailed with the disgrace of Near East and the terrain feature on which shamal is located created?
==================================================
2026-04-29 13:57:37,519 - INFO - 🎯 PLAN Agent: Starting question decomposition
2026-04-29 13:58:28,647 - INFO - HTTP Request: POST http://127.0.0.1:8001/v1/chat/completions "HTTP/1.1 200 OK"
2026-04-29 13:58:28,649 - INFO - Generated plan: 1 sub-questions
2026-04-29 13:58:28,649 - INFO - 
Processing sub-question 1: When was the region immediately north of the region that prevailed with the disgrace of Near East and the terrain feature on which shamal is located created?
2026-04-29 13:58:28,729 - INFO - 🔍 Analysis-Answer Agent: Starting information analysis
2026-04-29 13:59:27,191 - INFO - HTTP Request: POST http://127.0.0.1:8001/v1/chat/completions "HTTP/1.1 200 OK"
2026-04-29 13:59:27,192 - INFO - Analysis result: status=no
2026-04-29 13:59:27,192 - INFO - Insufficient information, attempting query rewrite (attempt 1/2)
2026-04-29 13:59:27,192 - INFO - ✏️ Rewrite Agent: Starting query rewrite
2026-04-29 13:59:41,152 - INFO - HTTP Request: POST http://127.0.0.1:8001/v1/chat/completions "HTTP/1.1 200 OK"
2026-04-29 13:59:41,153 - INFO - Rewrite strategy: Expanded ambiguous terms like 'disgrace' to 'decline' and 'prevailed' to 'area', clarified 'shamal' as a wind type, and added 'terrain feature' as a key concept. Focused on historical/geographical context.
2026-04-29 13:59:41,229 - INFO - 🔍 Analysis-Answer Agent: Starting information analysis
2026-04-29 14:00:34,001 - INFO - HTTP Request: POST http://127.0.0.1:8001/v1/chat/completions "HTTP/1.1 200 OK"
2026-04-29 14:00:34,002 - INFO - Analysis result: status=no
2026-04-29 14:00:34,002 - INFO - Insufficient information, attempting query rewrite (attempt 2/2)
2026-04-29 14:00:34,002 - INFO - ✏️ Rewrite Agent: Starting query rewrite
2026-04-29 14:00:59,572 - INFO - HTTP Request: POST http://127.0.0.1:8001/v1/chat/completions "HTTP/1.1 200 OK"
2026-04-29 14:00:59,574 - INFO - Rewrite strategy: default expansion
2026-04-29 14:00:59,648 - INFO - 🔍 Analysis-Answer Agent: Starting information analysis
2026-04-29 14:01:57,586 - INFO - HTTP Request: POST http://127.0.0.1:8001/v1/chat/completions "HTTP/1.1 200 OK"
2026-04-29 14:01:57,587 - INFO - Analysis result: status=no
2026-04-29 14:01:57,587 - WARNING - ❌ Sub-question 1 failed: Failed to parse response, information may be insufficient
2026-04-29 14:01:57,587 - INFO - 
==================================================
2026-04-29 14:01:57,587 - INFO - Final answer: Unable to find answer
2026-04-29 14:01:57,587 - INFO - Total time: 260.07 seconds
2026-04-29 14:01:57,587 - INFO - Retrieval rounds: 3
2026-04-29 14:01:57,587 - INFO - Execution traces: 6
2026-04-29 14:01:57,587 - INFO - ==================================================

2026-04-29 14:01:57,588 - INFO - 
==================================================
Processing question: How did did the people fare during the reign of the abolisher of sati partha in India?
==================================================
2026-04-29 14:01:57,588 - INFO - 🎯 PLAN Agent: Starting question decomposition
2026-04-29 14:02:07,001 - INFO - HTTP Request: POST http://127.0.0.1:8001/v1/chat/completions "HTTP/1.1 200 OK"
2026-04-29 14:02:07,003 - INFO - Generated plan: 2 sub-questions
2026-04-29 14:02:07,003 - INFO - 
Processing sub-question 1: Who was the abolisher of the sati practice in India?
2026-04-29 14:02:07,086 - INFO - 🔍 Analysis-Answer Agent: Starting information analysis
2026-04-29 14:02:24,535 - INFO - HTTP Request: POST http://127.0.0.1:8001/v1/chat/completions "HTTP/1.1 200 OK"
2026-04-29 14:02:24,536 - INFO - Analysis result: status=yes
2026-04-29 14:02:24,536 - INFO - ✅ Sub-question 1 succeeded: Queen Victoria
2026-04-29 14:02:24,536 - INFO - 
Processing sub-question 2: How did the people fare during the reign of Queen Victoria in India?
2026-04-29 14:02:24,619 - INFO - 🔍 Analysis-Answer Agent: Starting information analysis
2026-04-29 14:02:41,241 - INFO - HTTP Request: POST http://127.0.0.1:8001/v1/chat/completions "HTTP/1.1 200 OK"
2026-04-29 14:02:41,242 - INFO - Analysis result: status=no
2026-04-29 14:02:41,242 - INFO - Insufficient information, attempting query rewrite (attempt 1/2)
2026-04-29 14:02:41,242 - INFO - ✏️ Rewrite Agent: Starting query rewrite
2026-04-29 14:02:53,333 - INFO - HTTP Request: POST http://127.0.0.1:8001/v1/chat/completions "HTTP/1.1 200 OK"
2026-04-29 14:02:53,334 - INFO - Rewrite strategy: Expanded query to include specific socioeconomic indicators, resistance movements, and colonial governance terms while maintaining temporal context, addressing the gap in the original query's focus on broad welfare metrics
2026-04-29 14:02:53,421 - INFO - 🔍 Analysis-Answer Agent: Starting information analysis
2026-04-29 14:03:09,444 - INFO - HTTP Request: POST http://127.0.0.1:8001/v1/chat/completions "HTTP/1.1 200 OK"
2026-04-29 14:03:09,445 - INFO - Analysis result: status=no
2026-04-29 14:03:09,446 - INFO - Insufficient information, attempting query rewrite (attempt 2/2)
2026-04-29 14:03:09,446 - INFO - ✏️ Rewrite Agent: Starting query rewrite
2026-04-29 14:03:35,021 - INFO - HTTP Request: POST http://127.0.0.1:8001/v1/chat/completions "HTTP/1.1 200 OK"
2026-04-29 14:03:35,022 - INFO - Rewrite strategy: default expansion
2026-04-29 14:03:35,169 - INFO - 🔍 Analysis-Answer Agent: Starting information analysis
2026-04-29 14:03:59,269 - INFO - HTTP Request: POST http://127.0.0.1:8001/v1/chat/completions "HTTP/1.1 200 OK"
2026-04-29 14:03:59,271 - INFO - Analysis result: status=no
2026-04-29 14:03:59,271 - WARNING - ❌ Sub-question 2 failed: The documents mention Queen Victoria's reign (Victorian era) and its connection to British imperial expansion, the Indian Rebellion of 1857, and social reforms like the Sati Prevention Act (1829/1861). However, they do not provide a comprehensive analysis of how the Indian population fared during her reign. The texts focus on political events, colonial administration, and specific policies rather than socioeconomic conditions, cultural impacts, or lived experiences of Indians. Key details about daily life, economic conditions, or long-term consequences for the populace are absent, making it impossible to answer the question fully based on the provided materials.
2026-04-29 14:03:59,271 - INFO - 
==================================================
2026-04-29 14:03:59,271 - INFO - Final answer: Queen Victoria
2026-04-29 14:03:59,271 - INFO - Total time: 121.68 seconds
2026-04-29 14:03:59,271 - INFO - Retrieval rounds: 4
2026-04-29 14:03:59,271 - INFO - Execution traces: 7
2026-04-29 14:03:59,271 - INFO - ==================================================

2026-04-29 14:03:59,271 - INFO - 
==================================================
Processing question: What is the position of the 1st governor general of India?
==================================================
2026-04-29 14:03:59,271 - INFO - 🎯 PLAN Agent: Starting question decomposition
2026-04-29 14:04:38,316 - INFO - HTTP Request: POST http://127.0.0.1:8001/v1/chat/completions "HTTP/1.1 200 OK"
2026-04-29 14:04:38,317 - INFO - Generated plan: 2 sub-questions
2026-04-29 14:04:38,317 - INFO - 
Processing sub-question 1: Who was the 1st governor general of India?
2026-04-29 14:04:38,383 - INFO - 🔍 Analysis-Answer Agent: Starting information analysis
2026-04-29 14:04:57,185 - INFO - HTTP Request: POST http://127.0.0.1:8001/v1/chat/completions "HTTP/1.1 200 OK"
2026-04-29 14:04:57,186 - INFO - Analysis result: status=yes
2026-04-29 14:04:57,186 - INFO - ✅ Sub-question 1 succeeded: Warren Hastings
2026-04-29 14:04:57,186 - INFO - 
Processing sub-question 2: What is the position of Warren Hastings?
2026-04-29 14:04:57,259 - INFO - 🔍 Analysis-Answer Agent: Starting information analysis
2026-04-29 14:05:09,736 - INFO - HTTP Request: POST http://127.0.0.1:8001/v1/chat/completions "HTTP/1.1 200 OK"
2026-04-29 14:05:09,737 - INFO - Analysis result: status=yes
2026-04-29 14:05:09,737 - INFO - ✅ Sub-question 2 succeeded: Warren Hastings was the first governor of the presidency of Fort William (Bengal), head of the Supreme Council of Bengal, and the first 'de facto' Governor-General of India from 1774 to 1785. He was later impeached in 1787 but acquitted in 1795.
2026-04-29 14:05:09,737 - INFO - 
==================================================
2026-04-29 14:05:09,737 - INFO - Final answer: Warren Hastings was the first governor of the presidency of Fort William (Bengal), head of the Supreme Council of Bengal, and the first 'de facto' Governor-General of India from 1774 to 1785. He was later impeached in 1787 but acquitted in 1795.
2026-04-29 14:05:09,737 - INFO - Total time: 70.47 seconds
2026-04-29 14:05:09,737 - INFO - Retrieval rounds: 2
2026-04-29 14:05:09,737 - INFO - Execution traces: 3
2026-04-29 14:05:09,737 - INFO - ==================================================

2026-04-29 14:05:09,738 - INFO - 
==================================================
Processing question: Who is the child of the president who suffered a major defeat when the body which approves members of the American cabinet refused to ratify the Versailles treaty?
==================================================
2026-04-29 14:05:09,738 - INFO - 🎯 PLAN Agent: Starting question decomposition
2026-04-29 14:05:30,260 - INFO - HTTP Request: POST http://127.0.0.1:8001/v1/chat/completions "HTTP/1.1 200 OK"
2026-04-29 14:05:30,261 - INFO - Generated plan: 2 sub-questions
2026-04-29 14:05:30,261 - INFO - 
Processing sub-question 1: Who was the president whose administration faced a major defeat when the Senate refused to ratify the Versailles treaty?
2026-04-29 14:05:30,340 - INFO - 🔍 Analysis-Answer Agent: Starting information analysis
2026-04-29 14:05:49,523 - INFO - HTTP Request: POST http://127.0.0.1:8001/v1/chat/completions "HTTP/1.1 200 OK"
2026-04-29 14:05:49,524 - INFO - Analysis result: status=yes
2026-04-29 14:05:49,524 - INFO - ✅ Sub-question 1 succeeded: Woodrow Wilson
2026-04-29 14:05:49,524 - INFO - 
Processing sub-question 2: Who is Woodrow Wilson's child?
2026-04-29 14:05:49,589 - INFO - 🔍 Analysis-Answer Agent: Starting information analysis
2026-04-29 14:06:02,000 - INFO - HTTP Request: POST http://127.0.0.1:8001/v1/chat/completions "HTTP/1.1 200 OK"
2026-04-29 14:06:02,001 - INFO - Analysis result: status=yes
2026-04-29 14:06:02,001 - INFO - ✅ Sub-question 2 succeeded: Jessie Woodrow Wilson Sayre
2026-04-29 14:06:02,001 - INFO - 
==================================================
2026-04-29 14:06:02,001 - INFO - Final answer: Jessie Woodrow Wilson Sayre
2026-04-29 14:06:02,001 - INFO - Total time: 52.26 seconds
2026-04-29 14:06:02,001 - INFO - Retrieval rounds: 2
2026-04-29 14:06:02,001 - INFO - Execution traces: 3
2026-04-29 14:06:02,001 - INFO - ==================================================

2026-04-29 14:06:02,002 - INFO - 
==================================================
Processing question: What does dell call the feature letting the interface replacing FireWire in later iterations of the iPod drives to remain powered when the computer is off?
==================================================
2026-04-29 14:06:02,002 - INFO - 🎯 PLAN Agent: Starting question decomposition
2026-04-29 14:06:17,427 - INFO - HTTP Request: POST http://127.0.0.1:8001/v1/chat/completions "HTTP/1.1 200 OK"
2026-04-29 14:06:17,428 - INFO - Generated plan: 2 sub-questions
2026-04-29 14:06:17,428 - INFO - 
Processing sub-question 1: What interface replaced FireWire in later iterations of the iPod drives?
2026-04-29 14:06:17,509 - INFO - 🔍 Analysis-Answer Agent: Starting information analysis
2026-04-29 14:06:35,466 - INFO - HTTP Request: POST http://127.0.0.1:8001/v1/chat/completions "HTTP/1.1 200 OK"
2026-04-29 14:06:35,467 - INFO - Analysis result: status=yes
2026-04-29 14:06:35,467 - INFO - ✅ Sub-question 1 succeeded: USB
2026-04-29 14:06:35,467 - INFO - 
Processing sub-question 2: What is the name of the feature that allows USB to keep the drive powered when the computer is off, as implemented by Dell?
2026-04-29 14:06:35,548 - INFO - 🔍 Analysis-Answer Agent: Starting information analysis
2026-04-29 14:06:47,651 - INFO - HTTP Request: POST http://127.0.0.1:8001/v1/chat/completions "HTTP/1.1 200 OK"
2026-04-29 14:06:47,653 - INFO - Analysis result: status=yes
2026-04-29 14:06:47,653 - INFO - ✅ Sub-question 2 succeeded: powershare
2026-04-29 14:06:47,653 - INFO - 
==================================================
2026-04-29 14:06:47,653 - INFO - Final answer: powershare
2026-04-29 14:06:47,653 - INFO - Total time: 45.65 seconds
2026-04-29 14:06:47,653 - INFO - Retrieval rounds: 2
2026-04-29 14:06:47,653 - INFO - Execution traces: 3
2026-04-29 14:06:47,653 - INFO - ==================================================

2026-04-29 14:06:47,653 - INFO - 
==================================================
Processing question: Who wrote Turn Me On by the singer of Come Away with Me?
==================================================
2026-04-29 14:06:47,653 - INFO - 🎯 PLAN Agent: Starting question decomposition
2026-04-29 14:07:03,828 - INFO - HTTP Request: POST http://127.0.0.1:8001/v1/chat/completions "HTTP/1.1 200 OK"
2026-04-29 14:07:03,829 - INFO - Generated plan: 2 sub-questions
2026-04-29 14:07:03,829 - INFO - 
Processing sub-question 1: Who is the singer of 'Come Away with Me'?
2026-04-29 14:07:03,907 - INFO - 🔍 Analysis-Answer Agent: Starting information analysis
2026-04-29 14:07:14,580 - INFO - HTTP Request: POST http://127.0.0.1:8001/v1/chat/completions "HTTP/1.1 200 OK"
2026-04-29 14:07:14,581 - INFO - Analysis result: status=yes
2026-04-29 14:07:14,581 - INFO - ✅ Sub-question 1 succeeded: Norah Jones
2026-04-29 14:07:14,581 - INFO - 
Processing sub-question 2: Who wrote 'Turn Me On' by Norah Jones?
2026-04-29 14:07:14,662 - INFO - 🔍 Analysis-Answer Agent: Starting information analysis
2026-04-29 14:07:25,219 - INFO - HTTP Request: POST http://127.0.0.1:8001/v1/chat/completions "HTTP/1.1 200 OK"
2026-04-29 14:07:25,221 - INFO - Analysis result: status=yes
2026-04-29 14:07:25,221 - INFO - ✅ Sub-question 2 succeeded: John D. loudermilk
2026-04-29 14:07:25,221 - INFO - 
==================================================
2026-04-29 14:07:25,221 - INFO - Final answer: John D. loudermilk
2026-04-29 14:07:25,221 - INFO - Total time: 37.57 seconds
2026-04-29 14:07:25,221 - INFO - Retrieval rounds: 2
2026-04-29 14:07:25,221 - INFO - Execution traces: 3
2026-04-29 14:07:25,221 - INFO - ==================================================

2026-04-29 14:07:25,221 - INFO - 
==================================================
Processing question: Who was second pick in the 1999 draft of the league that has a competition where they give out the MLB MVP award after it?
==================================================
2026-04-29 14:07:25,221 - INFO - 🎯 PLAN Agent: Starting question decomposition
2026-04-29 14:07:40,433 - INFO - HTTP Request: POST http://127.0.0.1:8001/v1/chat/completions "HTTP/1.1 200 OK"
2026-04-29 14:07:40,434 - INFO - Generated plan: 2 sub-questions
2026-04-29 14:07:40,434 - INFO - 
Processing sub-question 1: What league has a competition where they give out the MLB MVP award?
2026-04-29 14:07:40,505 - INFO - 🔍 Analysis-Answer Agent: Starting information analysis
2026-04-29 14:07:56,429 - INFO - HTTP Request: POST http://127.0.0.1:8001/v1/chat/completions "HTTP/1.1 200 OK"
2026-04-29 14:07:56,430 - INFO - Analysis result: status=yes
2026-04-29 14:07:56,430 - INFO - ✅ Sub-question 1 succeeded: Major League Baseball (MLB)
2026-04-29 14:07:56,430 - INFO - 
Processing sub-question 2: Who was the second pick in the 1999 draft of Major League Baseball (MLB)?
2026-04-29 14:07:56,508 - INFO - 🔍 Analysis-Answer Agent: Starting information analysis
2026-04-29 14:08:14,291 - INFO - HTTP Request: POST http://127.0.0.1:8001/v1/chat/completions "HTTP/1.1 200 OK"
2026-04-29 14:08:14,292 - INFO - Analysis result: status=yes
2026-04-29 14:08:14,292 - INFO - ✅ Sub-question 2 succeeded: Josh Beckett
2026-04-29 14:08:14,292 - INFO - 
==================================================
2026-04-29 14:08:14,292 - INFO - Final answer: Josh Beckett
2026-04-29 14:08:14,292 - INFO - Total time: 49.07 seconds
2026-04-29 14:08:14,292 - INFO - Retrieval rounds: 2
2026-04-29 14:08:14,292 - INFO - Execution traces: 3
2026-04-29 14:08:14,292 - INFO - ==================================================

2026-04-29 14:08:14,293 - INFO - 
==================================================
Processing question: The Commission of Truth and Friendship established governments for Bustami's birth country and a second country that had who as president after declaring independence?
==================================================
2026-04-29 14:08:14,293 - INFO - 🎯 PLAN Agent: Starting question decomposition
2026-04-29 14:09:05,486 - INFO - HTTP Request: POST http://127.0.0.1:8001/v1/chat/completions "HTTP/1.1 200 OK"
2026-04-29 14:09:05,488 - INFO - Generated plan: 1 sub-questions
2026-04-29 14:09:05,488 - INFO - 
Processing sub-question 1: The Commission of Truth and Friendship established governments for Bustami's birth country and a second country that had who as president after declaring independence?
2026-04-29 14:09:05,577 - INFO - 🔍 Analysis-Answer Agent: Starting information analysis
2026-04-29 14:09:25,306 - INFO - HTTP Request: POST http://127.0.0.1:8001/v1/chat/completions "HTTP/1.1 200 OK"
2026-04-29 14:09:25,307 - INFO - Analysis result: status=yes
2026-04-29 14:09:25,307 - INFO - ✅ Sub-question 1 succeeded: Francisco Guterres
2026-04-29 14:09:25,307 - INFO - 
==================================================
2026-04-29 14:09:25,307 - INFO - Final answer: Francisco Guterres
2026-04-29 14:09:25,307 - INFO - Total time: 71.01 seconds
2026-04-29 14:09:25,307 - INFO - Retrieval rounds: 1
2026-04-29 14:09:25,307 - INFO - Execution traces: 2
2026-04-29 14:09:25,307 - INFO - ==================================================

2026-04-29 14:09:25,308 - INFO - 
==================================================
Processing question: Where is the country with ISO code ISO 3166-2:CV located?
==================================================
2026-04-29 14:09:25,308 - INFO - 🎯 PLAN Agent: Starting question decomposition
2026-04-29 14:09:52,968 - INFO - HTTP Request: POST http://127.0.0.1:8001/v1/chat/completions "HTTP/1.1 200 OK"
2026-04-29 14:09:52,969 - INFO - Generated plan: 2 sub-questions
2026-04-29 14:09:52,970 - INFO - 
Processing sub-question 1: What country corresponds to the ISO 3166-2 code CV?
2026-04-29 14:09:53,041 - INFO - 🔍 Analysis-Answer Agent: Starting information analysis
2026-04-29 14:10:06,934 - INFO - HTTP Request: POST http://127.0.0.1:8001/v1/chat/completions "HTTP/1.1 200 OK"
2026-04-29 14:10:06,935 - INFO - Analysis result: status=yes
2026-04-29 14:10:06,935 - INFO - ✅ Sub-question 1 succeeded: Cabo Verde
2026-04-29 14:10:06,936 - INFO - 
Processing sub-question 2: Where is Cabo Verde located?
2026-04-29 14:10:07,008 - INFO - 🔍 Analysis-Answer Agent: Starting information analysis
2026-04-29 14:10:19,878 - INFO - HTTP Request: POST http://127.0.0.1:8001/v1/chat/completions "HTTP/1.1 200 OK"
2026-04-29 14:10:19,879 - INFO - Analysis result: status=yes
2026-04-29 14:10:19,879 - INFO - ✅ Sub-question 2 succeeded: Cabo Verde is an island country located in the central Atlantic Ocean, spanning an archipelago of 10 volcanic islands. It is situated 570 kilometers (350 miles) west of the Cape Verde Peninsula off the coast of northwest Africa, and is part of the Macaronesia ecoregion, which includes the Azores, Canary Islands, Madeira, and the Savage Isles.
2026-04-29 14:10:19,879 - INFO - 
==================================================
2026-04-29 14:10:19,879 - INFO - Final answer: Cabo Verde is an island country located in the central Atlantic Ocean, spanning an archipelago of 10 volcanic islands. It is situated 570 kilometers (350 miles) west of the Cape Verde Peninsula off the coast of northwest Africa, and is part of the Macaronesia ecoregion, which includes the Azores, Canary Islands, Madeira, and the Savage Isles.
2026-04-29 14:10:19,879 - INFO - Total time: 54.57 seconds
2026-04-29 14:10:19,879 - INFO - Retrieval rounds: 2
2026-04-29 14:10:19,879 - INFO - Execution traces: 3
2026-04-29 14:10:19,879 - INFO - ==================================================

2026-04-29 14:10:19,880 - INFO - 
==================================================
Processing question: What was the form of the language Auctor is in, used in the era of the Frankish king who created the Holy Roman Empire, later known as?
==================================================
2026-04-29 14:10:19,880 - INFO - 🎯 PLAN Agent: Starting question decomposition
2026-04-29 14:11:11,098 - INFO - HTTP Request: POST http://127.0.0.1:8001/v1/chat/completions "HTTP/1.1 200 OK"
2026-04-29 14:11:11,099 - INFO - Generated plan: 2 sub-questions
2026-04-29 14:11:11,099 - INFO - 
Processing sub-question 1: First sub-question to answer
2026-04-29 14:11:11,177 - INFO - 🔍 Analysis-Answer Agent: Starting information analysis
2026-04-29 14:11:19,358 - INFO - HTTP Request: POST http://127.0.0.1:8001/v1/chat/completions "HTTP/1.1 200 OK"
2026-04-29 14:11:19,359 - INFO - Analysis result: status=no
2026-04-29 14:11:19,359 - INFO - Insufficient information, attempting query rewrite (attempt 1/2)
2026-04-29 14:11:19,359 - INFO - ✏️ Rewrite Agent: Starting query rewrite
2026-04-29 14:11:44,759 - INFO - HTTP Request: POST http://127.0.0.1:8001/v1/chat/completions "HTTP/1.1 200 OK"
2026-04-29 14:11:44,761 - INFO - Rewrite strategy: default expansion
2026-04-29 14:11:44,827 - INFO - 🔍 Analysis-Answer Agent: Starting information analysis
2026-04-29 14:11:55,947 - INFO - HTTP Request: POST http://127.0.0.1:8001/v1/chat/completions "HTTP/1.1 200 OK"
2026-04-29 14:11:55,949 - INFO - Analysis result: status=no
2026-04-29 14:11:55,949 - INFO - Insufficient information, attempting query rewrite (attempt 2/2)
2026-04-29 14:11:55,949 - INFO - ✏️ Rewrite Agent: Starting query rewrite
2026-04-29 14:12:21,385 - INFO - HTTP Request: POST http://127.0.0.1:8001/v1/chat/completions "HTTP/1.1 200 OK"
2026-04-29 14:12:21,386 - INFO - Rewrite strategy: default expansion
2026-04-29 14:12:21,457 - INFO - 🔍 Analysis-Answer Agent: Starting information analysis
2026-04-29 14:12:30,466 - INFO - HTTP Request: POST http://127.0.0.1:8001/v1/chat/completions "HTTP/1.1 200 OK"
2026-04-29 14:12:30,468 - INFO - Analysis result: status=no
2026-04-29 14:12:30,468 - WARNING - ❌ Sub-question 1 failed: The sub-question is ambiguously labeled as 'First sub-question to answer' without specifying the actual query. The retrieved documents contain diverse information across multiple topics (e.g., Addams Family, historical events, USB specifications, etc.), but without a clear, defined question, it is impossible to determine which information to extract or analyze. The lack of specificity in the sub-question prevents a targeted response.
2026-04-29 14:12:30,468 - WARNING - ⏭️ Skipping sub-question 2 due to missing dependencies: [1]
2026-04-29 14:12:30,468 - INFO - 
==================================================
2026-04-29 14:12:30,468 - INFO - Final answer: Unable to find answer
2026-04-29 14:12:30,468 - INFO - Total time: 130.59 seconds
2026-04-29 14:12:30,468 - INFO - Retrieval rounds: 3
2026-04-29 14:12:30,468 - INFO - Execution traces: 6
2026-04-29 14:12:30,468 - INFO - ==================================================

2026-04-29 14:12:30,468 - INFO - 
==================================================
Processing question: When did the political party that favored harsh punishment of southern states after the Civil War, gain control of the House?
==================================================
2026-04-29 14:12:30,468 - INFO - 🎯 PLAN Agent: Starting question decomposition
2026-04-29 14:12:42,362 - INFO - HTTP Request: POST http://127.0.0.1:8001/v1/chat/completions "HTTP/1.1 200 OK"
2026-04-29 14:12:42,363 - INFO - Generated plan: 2 sub-questions
2026-04-29 14:12:42,363 - INFO - 
Processing sub-question 1: What political party favored harsh punishment of southern states after the Civil War?
2026-04-29 14:12:42,435 - INFO - 🔍 Analysis-Answer Agent: Starting information analysis
2026-04-29 14:12:54,543 - INFO - HTTP Request: POST http://127.0.0.1:8001/v1/chat/completions "HTTP/1.1 200 OK"
2026-04-29 14:12:54,544 - INFO - Analysis result: status=yes
2026-04-29 14:12:54,544 - INFO - ✅ Sub-question 1 succeeded: The Radical Republicans
2026-04-29 14:12:54,544 - INFO - 
Processing sub-question 2: When did The Radical Republicans gain control of the House?
2026-04-29 14:12:54,638 - INFO - 🔍 Analysis-Answer Agent: Starting information analysis
2026-04-29 14:13:29,959 - INFO - HTTP Request: POST http://127.0.0.1:8001/v1/chat/completions "HTTP/1.1 200 OK"
2026-04-29 14:13:29,960 - INFO - Analysis result: status=no
2026-04-29 14:13:29,961 - INFO - Insufficient information, attempting query rewrite (attempt 1/2)
2026-04-29 14:13:29,961 - INFO - ✏️ Rewrite Agent: Starting query rewrite
2026-04-29 14:13:45,185 - INFO - HTTP Request: POST http://127.0.0.1:8001/v1/chat/completions "HTTP/1.1 200 OK"
2026-04-29 14:13:45,186 - INFO - Rewrite strategy: Expanded query to include factional terminology ('faction'), alternative phrasings for 'gained control' ('take over Congress'), and added contextual terms like 'congressional control timeline' to capture broader political power shifts. Incorporated synonyms for 'House' (Congress) and added era-specific terms like 'Reconstruction era' implicitly through contextual linkage.
2026-04-29 14:13:45,268 - INFO - 🔍 Analysis-Answer Agent: Starting information analysis
2026-04-29 14:14:15,224 - INFO - HTTP Request: POST http://127.0.0.1:8001/v1/chat/completions "HTTP/1.1 200 OK"
2026-04-29 14:14:15,225 - INFO - Analysis result: status=no
2026-04-29 14:14:15,225 - INFO - Insufficient information, attempting query rewrite (attempt 2/2)
2026-04-29 14:14:15,225 - INFO - ✏️ Rewrite Agent: Starting query rewrite
2026-04-29 14:14:29,260 - INFO - HTTP Request: POST http://127.0.0.1:8001/v1/chat/completions "HTTP/1.1 200 OK"
2026-04-29 14:14:29,262 - INFO - Rewrite strategy: Expanded search terms to include related political factions (Reconstruction Republicans), era-specific context (Reconstruction era), and alternative phrasings for 'Radical Republicans' while maintaining focus on congressional control timelines
2026-04-29 14:14:29,337 - INFO - 🔍 Analysis-Answer Agent: Starting information analysis
2026-04-29 14:14:53,726 - INFO - HTTP Request: POST http://127.0.0.1:8001/v1/chat/completions "HTTP/1.1 200 OK"
2026-04-29 14:14:53,728 - INFO - Analysis result: status=no
2026-04-29 14:14:53,728 - WARNING - ❌ Sub-question 2 failed: The retrieved documents do not mention the Radical Republicans gaining control of the House of Representatives. While the documents discuss the Republican Party's control of Congress in modern times (e.g., the 104th Congress starting in 2015) and historical contexts like Reconstruction, they do not specify when the Radical Republicans, a 19th-century faction, gained control of the House. The question requires specific historical information about the Radical Republicans' political ascendancy, which is absent from the provided texts.
2026-04-29 14:14:53,728 - INFO - 
==================================================
2026-04-29 14:14:53,728 - INFO - Final answer: The Radical Republicans
2026-04-29 14:14:53,728 - INFO - Total time: 143.26 seconds
2026-04-29 14:14:53,728 - INFO - Retrieval rounds: 4
2026-04-29 14:14:53,728 - INFO - Execution traces: 7
2026-04-29 14:14:53,728 - INFO - ==================================================

2026-04-29 14:14:53,728 - INFO - 
==================================================
Processing question: When did the person chosen to be president of the confederacy end his fight in the Mexican-American war?
==================================================
2026-04-29 14:14:53,728 - INFO - 🎯 PLAN Agent: Starting question decomposition
2026-04-29 14:15:16,475 - INFO - HTTP Request: POST http://127.0.0.1:8001/v1/chat/completions "HTTP/1.1 200 OK"
2026-04-29 14:15:16,476 - INFO - Generated plan: 2 sub-questions
2026-04-29 14:15:16,476 - INFO - 
Processing sub-question 1: Who was chosen to be president of the Confederacy?
2026-04-29 14:15:16,551 - INFO - 🔍 Analysis-Answer Agent: Starting information analysis
2026-04-29 14:15:28,028 - INFO - HTTP Request: POST http://127.0.0.1:8001/v1/chat/completions "HTTP/1.1 200 OK"
2026-04-29 14:15:28,029 - INFO - Analysis result: status=yes
2026-04-29 14:15:28,029 - INFO - ✅ Sub-question 1 succeeded: Jefferson Davis
2026-04-29 14:15:28,029 - INFO - 
Processing sub-question 2: When did Jefferson Davis end his fight in the Mexican-American War?
2026-04-29 14:15:28,109 - INFO - 🔍 Analysis-Answer Agent: Starting information analysis
2026-04-29 14:16:13,552 - INFO - HTTP Request: POST http://127.0.0.1:8001/v1/chat/completions "HTTP/1.1 200 OK"
2026-04-29 14:16:13,553 - INFO - Analysis result: status=yes
2026-04-29 14:16:13,553 - INFO - ✅ Sub-question 2 succeeded: March 16, 1848
2026-04-29 14:16:13,553 - INFO - 
==================================================
2026-04-29 14:16:13,554 - INFO - Final answer: March 16, 1848
2026-04-29 14:16:13,554 - INFO - Total time: 79.83 seconds
2026-04-29 14:16:13,554 - INFO - Retrieval rounds: 2
2026-04-29 14:16:13,554 - INFO - Execution traces: 3
2026-04-29 14:16:13,554 - INFO - ==================================================

2026-04-29 14:16:13,554 - INFO - 
==================================================
Processing question: What city is the star of Sous les pieds des femmes from?
==================================================
2026-04-29 14:16:13,554 - INFO - 🎯 PLAN Agent: Starting question decomposition
2026-04-29 14:16:31,648 - INFO - HTTP Request: POST http://127.0.0.1:8001/v1/chat/completions "HTTP/1.1 200 OK"
2026-04-29 14:16:31,649 - INFO - Generated plan: 2 sub-questions
2026-04-29 14:16:31,650 - INFO - 
Processing sub-question 1: Who is the star of Sous les pieds des femmes?
2026-04-29 14:16:31,722 - INFO - 🔍 Analysis-Answer Agent: Starting information analysis
2026-04-29 14:16:40,561 - INFO - HTTP Request: POST http://127.0.0.1:8001/v1/chat/completions "HTTP/1.1 200 OK"
2026-04-29 14:16:40,563 - INFO - Analysis result: status=yes
2026-04-29 14:16:40,563 - INFO - ✅ Sub-question 1 succeeded: Claudia Cardinale
2026-04-29 14:16:40,563 - INFO - 
Processing sub-question 2: What city is Claudia Cardinale from?
2026-04-29 14:16:40,626 - INFO - 🔍 Analysis-Answer Agent: Starting information analysis
2026-04-29 14:16:48,962 - INFO - HTTP Request: POST http://127.0.0.1:8001/v1/chat/completions "HTTP/1.1 200 OK"
2026-04-29 14:16:48,963 - INFO - Analysis result: status=yes
2026-04-29 14:16:48,963 - INFO - ✅ Sub-question 2 succeeded: La Goulette, Tunis, French protectorate of Tunisia
2026-04-29 14:16:48,963 - INFO - 
==================================================
2026-04-29 14:16:48,963 - INFO - Final answer: La Goulette, Tunis, French protectorate of Tunisia
2026-04-29 14:16:48,963 - INFO - Total time: 35.41 seconds
2026-04-29 14:16:48,963 - INFO - Retrieval rounds: 2
2026-04-29 14:16:48,963 - INFO - Execution traces: 3
2026-04-29 14:16:48,963 - INFO - ==================================================

2026-04-29 14:16:48,964 - INFO - 
==================================================
Processing question: what is meaning of the word that is a majority religion of the area that became India when the country origin of Mizraab was created in Arabic dictionary?
==================================================
2026-04-29 14:16:48,964 - INFO - 🎯 PLAN Agent: Starting question decomposition
2026-04-29 14:17:40,018 - INFO - HTTP Request: POST http://127.0.0.1:8001/v1/chat/completions "HTTP/1.1 200 OK"
2026-04-29 14:17:40,019 - INFO - Generated plan: 1 sub-questions
2026-04-29 14:17:40,020 - INFO - 
Processing sub-question 1: what is meaning of the word that is a majority religion of the area that became India when the country origin of Mizraab was created in Arabic dictionary?
2026-04-29 14:17:40,100 - INFO - 🔍 Analysis-Answer Agent: Starting information analysis
2026-04-29 14:18:01,300 - INFO - HTTP Request: POST http://127.0.0.1:8001/v1/chat/completions "HTTP/1.1 200 OK"
2026-04-29 14:18:01,301 - INFO - Analysis result: status=no
2026-04-29 14:18:01,301 - INFO - Insufficient information, attempting query rewrite (attempt 1/2)
2026-04-29 14:18:01,301 - INFO - ✏️ Rewrite Agent: Starting query rewrite
2026-04-29 14:18:25,890 - INFO - HTTP Request: POST http://127.0.0.1:8001/v1/chat/completions "HTTP/1.1 200 OK"
2026-04-29 14:18:25,891 - INFO - Rewrite strategy: Separated the conflated concepts by focusing on two distinct queries: (1) the majority religion in the region that became India and (2) the definition of 'Mizraab' in Arabic sources. Expanded keywords to include synonyms and related terms for better coverage.
2026-04-29 14:18:25,979 - INFO - 🔍 Analysis-Answer Agent: Starting information analysis
2026-04-29 14:18:45,102 - INFO - HTTP Request: POST http://127.0.0.1:8001/v1/chat/completions "HTTP/1.1 200 OK"
2026-04-29 14:18:45,103 - INFO - Analysis result: status=no
2026-04-29 14:18:45,103 - INFO - Insufficient information, attempting query rewrite (attempt 2/2)
2026-04-29 14:18:45,103 - INFO - ✏️ Rewrite Agent: Starting query rewrite
2026-04-29 14:19:03,779 - INFO - HTTP Request: POST http://127.0.0.1:8001/v1/chat/completions "HTTP/1.1 200 OK"
2026-04-29 14:19:03,780 - INFO - Rewrite strategy: Separated conflated concepts by focusing on distinct components: (1) majority religion in pre-partition India (Hinduism), (2) Mizraab's Arabic etymology, and (3) historical context of partition. Used synonyms like 'pre-partition' for 'area that became India' and 'etymology' for 'origin in Arabic dictionary'.
2026-04-29 14:19:03,854 - INFO - 🔍 Analysis-Answer Agent: Starting information analysis
2026-04-29 14:19:24,193 - INFO - HTTP Request: POST http://127.0.0.1:8001/v1/chat/completions "HTTP/1.1 200 OK"
2026-04-29 14:19:24,195 - INFO - Analysis result: status=no
2026-04-29 14:19:24,195 - WARNING - ❌ Sub-question 1 failed: The retrieved documents mention 'Mizraab' as a musical instrument (a plectrum for the sitar) in chunk 8, but there is no information connecting it to a 'country of Mizraab' or its relation to the majority religion in the area that became India. The documents discuss the partition of India, religious demographics (e.g., Hinduism as the majority religion in post-partition India), and the Radcliffe Line, but none link 'Mizraab' to these contexts. The term 'Mizraab' appears unrelated to the geographical or religious context of the question.
2026-04-29 14:19:24,195 - INFO - 
==================================================
2026-04-29 14:19:24,195 - INFO - Final answer: Unable to find answer
2026-04-29 14:19:24,195 - INFO - Total time: 155.23 seconds
2026-04-29 14:19:24,195 - INFO - Retrieval rounds: 3
2026-04-29 14:19:24,195 - INFO - Execution traces: 6
2026-04-29 14:19:24,195 - INFO - ==================================================

2026-04-29 14:19:24,195 - INFO - 
==================================================
Processing question: Who stars in the video "One Last Time" by the performer of Baby I?
==================================================
2026-04-29 14:19:24,195 - INFO - 🎯 PLAN Agent: Starting question decomposition
2026-04-29 14:19:36,732 - INFO - HTTP Request: POST http://127.0.0.1:8001/v1/chat/completions "HTTP/1.1 200 OK"
2026-04-29 14:19:36,733 - INFO - Generated plan: 2 sub-questions
2026-04-29 14:19:36,733 - INFO - 
Processing sub-question 1: Who is the performer of the song 'Baby I'?
2026-04-29 14:19:36,804 - INFO - 🔍 Analysis-Answer Agent: Starting information analysis
2026-04-29 14:19:50,690 - INFO - HTTP Request: POST http://127.0.0.1:8001/v1/chat/completions "HTTP/1.1 200 OK"
2026-04-29 14:19:50,691 - INFO - Analysis result: status=yes
2026-04-29 14:19:50,691 - INFO - ✅ Sub-question 1 succeeded: Ariana Grande
2026-04-29 14:19:50,692 - INFO - 
Processing sub-question 2: Who stars in the video 'Ariana Grande - One Last Time'?
2026-04-29 14:19:50,763 - INFO - 🔍 Analysis-Answer Agent: Starting information analysis
2026-04-29 14:20:05,764 - INFO - HTTP Request: POST http://127.0.0.1:8001/v1/chat/completions "HTTP/1.1 200 OK"
2026-04-29 14:20:05,765 - INFO - Analysis result: status=yes
2026-04-29 14:20:05,765 - INFO - ✅ Sub-question 2 succeeded: Matt Bennett and Elizabeth Gillies star in the 'Ariana Grande - One Last Time' music video. Matt Bennett was also Grande's co-star in the Nickelodeon sitcom Victorious, and Elizabeth Gillies, who co-starred with Grande and Bennett in Victorious, provided one of the voices in the video.
2026-04-29 14:20:05,766 - INFO - 
==================================================
2026-04-29 14:20:05,766 - INFO - Final answer: Matt Bennett and Elizabeth Gillies star in the 'Ariana Grande - One Last Time' music video. Matt Bennett was also Grande's co-star in the Nickelodeon sitcom Victorious, and Elizabeth Gillies, who co-starred with Grande and Bennett in Victorious, provided one of the voices in the video.
2026-04-29 14:20:05,766 - INFO - Total time: 41.57 seconds
2026-04-29 14:20:05,766 - INFO - Retrieval rounds: 2
2026-04-29 14:20:05,766 - INFO - Execution traces: 3
2026-04-29 14:20:05,766 - INFO - ==================================================

2026-04-29 14:20:05,766 - INFO - 
==================================================
Processing question: When did the majority party in the House of Representatives gain control of the body which approves members of the Cabinet?
==================================================
2026-04-29 14:20:05,766 - INFO - 🎯 PLAN Agent: Starting question decomposition
2026-04-29 14:20:34,426 - INFO - HTTP Request: POST http://127.0.0.1:8001/v1/chat/completions "HTTP/1.1 200 OK"
2026-04-29 14:20:34,428 - INFO - Generated plan: 2 sub-questions
2026-04-29 14:20:34,428 - INFO - 
Processing sub-question 1: What is the body that approves members of the Cabinet?
2026-04-29 14:20:34,521 - INFO - 🔍 Analysis-Answer Agent: Starting information analysis
2026-04-29 14:21:30,725 - INFO - HTTP Request: POST http://127.0.0.1:8001/v1/chat/completions "HTTP/1.1 200 OK"
2026-04-29 14:21:30,726 - INFO - Analysis result: status=yes
2026-04-29 14:21:30,726 - INFO - ✅ Sub-question 1 succeeded: The Senate
2026-04-29 14:21:30,726 - INFO - 
Processing sub-question 2: When did the majority party in the House of Representatives gain control of The Senate?
2026-04-29 14:21:30,800 - INFO - 🔍 Analysis-Answer Agent: Starting information analysis
2026-04-29 14:21:45,522 - INFO - HTTP Request: POST http://127.0.0.1:8001/v1/chat/completions "HTTP/1.1 200 OK"
2026-04-29 14:21:45,523 - INFO - Analysis result: status=yes
2026-04-29 14:21:45,523 - INFO - ✅ Sub-question 2 succeeded: January 2015
2026-04-29 14:21:45,523 - INFO - 
==================================================
2026-04-29 14:21:45,523 - INFO - Final answer: January 2015
2026-04-29 14:21:45,524 - INFO - Total time: 99.76 seconds
2026-04-29 14:21:45,524 - INFO - Retrieval rounds: 2
2026-04-29 14:21:45,524 - INFO - Execution traces: 3
2026-04-29 14:21:45,524 - INFO - ==================================================

2026-04-29 14:21:45,524 - INFO - 
==================================================
Processing question: How many ethnic minorities were looked at differently in the city where the headquarters of the only group larger than Långa nätter's record label is located?
==================================================
2026-04-29 14:21:45,524 - INFO - 🎯 PLAN Agent: Starting question decomposition
2026-04-29 14:22:36,652 - INFO - HTTP Request: POST http://127.0.0.1:8001/v1/chat/completions "HTTP/1.1 200 OK"
2026-04-29 14:22:36,653 - INFO - Generated plan: 1 sub-questions
2026-04-29 14:22:36,653 - INFO - 
Processing sub-question 1: How many ethnic minorities were looked at differently in the city where the headquarters of the only group larger than Långa nätter's record label is located?
2026-04-29 14:22:36,733 - INFO - 🔍 Analysis-Answer Agent: Starting information analysis
2026-04-29 14:23:35,669 - INFO - HTTP Request: POST http://127.0.0.1:8001/v1/chat/completions "HTTP/1.1 200 OK"
2026-04-29 14:23:35,670 - INFO - Analysis result: status=no
2026-04-29 14:23:35,670 - INFO - Insufficient information, attempting query rewrite (attempt 1/2)
2026-04-29 14:23:35,670 - INFO - ✏️ Rewrite Agent: Starting query rewrite
2026-04-29 14:23:54,072 - INFO - HTTP Request: POST http://127.0.0.1:8001/v1/chat/completions "HTTP/1.1 200 OK"
2026-04-29 14:23:54,074 - INFO - Rewrite strategy: Expanded ambiguous terms like 'looked at differently' to 'face discrimination' and 'treated unfairly,' clarified 'only group larger than' as 'largest record label surpassing,' and added specific terms like 'ethnic minority groups' and 'headquarters location' for better search precision.
2026-04-29 14:23:54,162 - INFO - 🔍 Analysis-Answer Agent: Starting information analysis
2026-04-29 14:24:52,898 - INFO - HTTP Request: POST http://127.0.0.1:8001/v1/chat/completions "HTTP/1.1 200 OK"
2026-04-29 14:24:52,899 - INFO - Analysis result: status=no
2026-04-29 14:24:52,899 - INFO - Insufficient information, attempting query rewrite (attempt 2/2)
2026-04-29 14:24:52,899 - INFO - ✏️ Rewrite Agent: Starting query rewrite
2026-04-29 14:25:07,036 - INFO - HTTP Request: POST http://127.0.0.1:8001/v1/chat/completions "HTTP/1.1 200 OK"
2026-04-29 14:25:07,037 - INFO - Rewrite strategy: Expanded ambiguous terms like 'looked at differently' to 'face discrimination' and added specificity with 'largest record label surpassing' to clarify the label hierarchy. Included alternative phrasing for 'located' (situated) and specified 'ethnic minority groups' for better searchability.
2026-04-29 14:25:07,115 - INFO - 🔍 Analysis-Answer Agent: Starting information analysis
2026-04-29 14:25:43,203 - INFO - HTTP Request: POST http://127.0.0.1:8001/v1/chat/completions "HTTP/1.1 200 OK"
2026-04-29 14:25:43,204 - INFO - Analysis result: status=no
2026-04-29 14:25:43,204 - WARNING - ❌ Sub-question 1 failed: The documents mention several record labels and their headquarters (e.g., Biltmore Records in New York City, Universal Music Group), but there is no explicit information about Långa nätter's record label or the city where the headquarters of the 'only group larger than Långa nätter's record label' is located. Additionally, no data on ethnic minorities being 'looked at differently' in any specific city is provided. The question requires connecting these elements, which the documents do not sufficiently address.
2026-04-29 14:25:43,204 - INFO - 
==================================================
2026-04-29 14:25:43,204 - INFO - Final answer: Unable to find answer
2026-04-29 14:25:43,204 - INFO - Total time: 237.68 seconds
2026-04-29 14:25:43,204 - INFO - Retrieval rounds: 3
2026-04-29 14:25:43,204 - INFO - Execution traces: 6
2026-04-29 14:25:43,204 - INFO - ==================================================

2026-04-29 14:25:43,205 - INFO - 
==================================================
Processing question: When did the country the top-ranking Warsaw Pact operatives came from, despite it being headquartered in the country where A Generation is set, agree to a unified Germany inside NATO?
==================================================
2026-04-29 14:25:43,205 - INFO - 🎯 PLAN Agent: Starting question decomposition
2026-04-29 14:26:34,401 - INFO - HTTP Request: POST http://127.0.0.1:8001/v1/chat/completions "HTTP/1.1 200 OK"
2026-04-29 14:26:34,403 - INFO - Generated plan: 1 sub-questions
2026-04-29 14:26:34,403 - INFO - 
Processing sub-question 1: When did the country the top-ranking Warsaw Pact operatives came from, despite it being headquartered in the country where A Generation is set, agree to a unified Germany inside NATO?
2026-04-29 14:26:34,490 - INFO - 🔍 Analysis-Answer Agent: Starting information analysis
2026-04-29 14:27:25,535 - INFO - HTTP Request: POST http://127.0.0.1:8001/v1/chat/completions "HTTP/1.1 200 OK"
2026-04-29 14:27:25,537 - INFO - Analysis result: status=no
2026-04-29 14:27:25,537 - INFO - Insufficient information, attempting query rewrite (attempt 1/2)
2026-04-29 14:27:25,537 - INFO - ✏️ Rewrite Agent: Starting query rewrite
2026-04-29 14:27:41,612 - INFO - HTTP Request: POST http://127.0.0.1:8001/v1/chat/completions "HTTP/1.1 200 OK"
2026-04-29 14:27:41,613 - INFO - Rewrite strategy: Expanded keywords to include alternative phrasings for 'top-ranking operatives' (key officials, leadership), clarified 'unified Germany in NATO' as 'Germany's NATO membership' and added contextual terms like 'post-Cold War' and 'Eastern Bloc' to bridge document gaps
2026-04-29 14:27:41,706 - INFO - 🔍 Analysis-Answer Agent: Starting information analysis
2026-04-29 14:28:21,153 - INFO - HTTP Request: POST http://127.0.0.1:8001/v1/chat/completions "HTTP/1.1 200 OK"
2026-04-29 14:28:21,155 - INFO - Analysis result: status=yes
2026-04-29 14:28:21,155 - INFO - ✅ Sub-question 1 succeeded: 1990
2026-04-29 14:28:21,155 - INFO - 
==================================================
2026-04-29 14:28:21,155 - INFO - Final answer: 1990
2026-04-29 14:28:21,155 - INFO - Total time: 157.95 seconds
2026-04-29 14:28:21,155 - INFO - Retrieval rounds: 2
2026-04-29 14:28:21,155 - INFO - Execution traces: 4
2026-04-29 14:28:21,155 - INFO - ==================================================

2026-04-29 14:28:21,155 - INFO - 
==================================================
Processing question: Who won the Indy Car Race in the largest populated city of the state where the performer of Mingus Three is from?
==================================================
2026-04-29 14:28:21,155 - INFO - 🎯 PLAN Agent: Starting question decomposition
2026-04-29 14:29:12,285 - INFO - HTTP Request: POST http://127.0.0.1:8001/v1/chat/completions "HTTP/1.1 200 OK"
2026-04-29 14:29:12,286 - INFO - Generated plan: 2 sub-questions
2026-04-29 14:29:12,286 - INFO - 
Processing sub-question 1: First sub-question to answer
2026-04-29 14:29:12,346 - INFO - 🔍 Analysis-Answer Agent: Starting information analysis
2026-04-29 14:29:21,502 - INFO - HTTP Request: POST http://127.0.0.1:8001/v1/chat/completions "HTTP/1.1 200 OK"
2026-04-29 14:29:21,503 - INFO - Analysis result: status=no
2026-04-29 14:29:21,504 - INFO - Insufficient information, attempting query rewrite (attempt 1/2)
2026-04-29 14:29:21,504 - INFO - ✏️ Rewrite Agent: Starting query rewrite
2026-04-29 14:29:46,888 - INFO - HTTP Request: POST http://127.0.0.1:8001/v1/chat/completions "HTTP/1.1 200 OK"
2026-04-29 14:29:46,889 - INFO - Rewrite strategy: default expansion
2026-04-29 14:29:46,954 - INFO - 🔍 Analysis-Answer Agent: Starting information analysis
2026-04-29 14:29:55,117 - INFO - HTTP Request: POST http://127.0.0.1:8001/v1/chat/completions "HTTP/1.1 200 OK"
2026-04-29 14:29:55,118 - INFO - Analysis result: status=no
2026-04-29 14:29:55,118 - INFO - Insufficient information, attempting query rewrite (attempt 2/2)
2026-04-29 14:29:55,118 - INFO - ✏️ Rewrite Agent: Starting query rewrite
2026-04-29 14:30:10,301 - INFO - HTTP Request: POST http://127.0.0.1:8001/v1/chat/completions "HTTP/1.1 200 OK"
2026-04-29 14:30:10,302 - INFO - Rewrite strategy: Expanded the original placeholder query by adding synonyms and alternative phrasings for 'first sub-question' while maintaining the core concept of identifying the primary question component
2026-04-29 14:30:10,380 - INFO - 🔍 Analysis-Answer Agent: Starting information analysis
2026-04-29 14:30:23,192 - INFO - HTTP Request: POST http://127.0.0.1:8001/v1/chat/completions "HTTP/1.1 200 OK"
2026-04-29 14:30:23,193 - INFO - Analysis result: status=no
2026-04-29 14:30:23,193 - WARNING - ❌ Sub-question 1 failed: The sub-question is not provided in the input, making it impossible to determine relevance or extract an answer from the retrieved documents. The documents contain general information about USB specifications, historical political events, and unrelated topics, but without a specific question, analysis cannot proceed.
2026-04-29 14:30:23,193 - WARNING - ⏭️ Skipping sub-question 2 due to missing dependencies: [1]
2026-04-29 14:30:23,193 - INFO - 
==================================================
2026-04-29 14:30:23,193 - INFO - Final answer: Unable to find answer
2026-04-29 14:30:23,193 - INFO - Total time: 122.04 seconds
2026-04-29 14:30:23,193 - INFO - Retrieval rounds: 3
2026-04-29 14:30:23,193 - INFO - Execution traces: 6
2026-04-29 14:30:23,193 - INFO - ==================================================

2026-04-29 14:30:23,194 - INFO - 
==================================================
Processing question: Who did the person who married their half sister in the bible marry after the death of sarah?
==================================================
2026-04-29 14:30:23,194 - INFO - 🎯 PLAN Agent: Starting question decomposition
2026-04-29 14:31:00,963 - INFO - HTTP Request: POST http://127.0.0.1:8001/v1/chat/completions "HTTP/1.1 200 OK"
2026-04-29 14:31:00,964 - INFO - Generated plan: 2 sub-questions
2026-04-29 14:31:00,964 - INFO - 
Processing sub-question 1: Who married their half sister in the bible?
2026-04-29 14:31:01,041 - INFO - 🔍 Analysis-Answer Agent: Starting information analysis
2026-04-29 14:31:59,560 - INFO - HTTP Request: POST http://127.0.0.1:8001/v1/chat/completions "HTTP/1.1 200 OK"
2026-04-29 14:31:59,561 - INFO - Analysis result: status=no
2026-04-29 14:31:59,561 - INFO - Insufficient information, attempting query rewrite (attempt 1/2)
2026-04-29 14:31:59,561 - INFO - ✏️ Rewrite Agent: Starting query rewrite
2026-04-29 14:32:14,981 - INFO - HTTP Request: POST http://127.0.0.1:8001/v1/chat/completions "HTTP/1.1 200 OK"
2026-04-29 14:32:14,983 - INFO - Rewrite strategy: Expanded keywords to include synonyms (half-sister → incest, prohibited marriage) and specific biblical references (Lot's daughters) while maintaining focus on familial marriage relationships
2026-04-29 14:32:15,053 - INFO - 🔍 Analysis-Answer Agent: Starting information analysis
2026-04-29 14:33:13,403 - INFO - HTTP Request: POST http://127.0.0.1:8001/v1/chat/completions "HTTP/1.1 200 OK"
2026-04-29 14:33:13,404 - INFO - Analysis result: status=no
2026-04-29 14:33:13,404 - INFO - Insufficient information, attempting query rewrite (attempt 2/2)
2026-04-29 14:33:13,404 - INFO - ✏️ Rewrite Agent: Starting query rewrite
2026-04-29 14:33:30,565 - INFO - HTTP Request: POST http://127.0.0.1:8001/v1/chat/completions "HTTP/1.1 200 OK"
2026-04-29 14:33:30,566 - INFO - Rewrite strategy: Expanded keywords to include synonyms (sisters-in-law, relatives) and related concepts (incest, prohibited marriages) while specifying biblical contexts (Old/New Testaments) to improve search relevance
2026-04-29 14:33:30,643 - INFO - 🔍 Analysis-Answer Agent: Starting information analysis
2026-04-29 14:33:46,405 - INFO - HTTP Request: POST http://127.0.0.1:8001/v1/chat/completions "HTTP/1.1 200 OK"
2026-04-29 14:33:46,406 - INFO - Analysis result: status=yes
2026-04-29 14:33:46,406 - INFO - ✅ Sub-question 1 succeeded: Abraham and Sarah
2026-04-29 14:33:46,407 - INFO - 
Processing sub-question 2: Who did Abraham and Sarah marry after the death of sarah?
2026-04-29 14:33:46,481 - INFO - 🔍 Analysis-Answer Agent: Starting information analysis
2026-04-29 14:34:01,868 - INFO - HTTP Request: POST http://127.0.0.1:8001/v1/chat/completions "HTTP/1.1 200 OK"
2026-04-29 14:34:01,869 - INFO - Analysis result: status=yes
2026-04-29 14:34:01,869 - INFO - ✅ Sub-question 2 succeeded: Keturah
2026-04-29 14:34:01,869 - INFO - 
==================================================
2026-04-29 14:34:01,869 - INFO - Final answer: Keturah
2026-04-29 14:34:01,869 - INFO - Total time: 218.68 seconds
2026-04-29 14:34:01,869 - INFO - Retrieval rounds: 4
2026-04-29 14:34:01,869 - INFO - Execution traces: 7
2026-04-29 14:34:01,869 - INFO - ==================================================

2026-04-29 14:34:01,869 - INFO - 
==================================================
Processing question: What is the average salary of a working person with the same nationality as the producer of The Wild Women of Chastity Gulch?
==================================================
2026-04-29 14:34:01,870 - INFO - 🎯 PLAN Agent: Starting question decomposition
2026-04-29 14:34:53,212 - INFO - HTTP Request: POST http://127.0.0.1:8001/v1/chat/completions "HTTP/1.1 200 OK"
2026-04-29 14:34:53,213 - INFO - Generated plan: 2 sub-questions
2026-04-29 14:34:53,213 - INFO - 
Processing sub-question 1: First sub-question to answer
2026-04-29 14:34:53,276 - INFO - 🔍 Analysis-Answer Agent: Starting information analysis
2026-04-29 14:34:59,587 - INFO - HTTP Request: POST http://127.0.0.1:8001/v1/chat/completions "HTTP/1.1 200 OK"
2026-04-29 14:34:59,588 - INFO - Analysis result: status=no
2026-04-29 14:34:59,588 - INFO - Insufficient information, attempting query rewrite (attempt 1/2)
2026-04-29 14:34:59,588 - INFO - ✏️ Rewrite Agent: Starting query rewrite
2026-04-29 14:35:18,904 - INFO - HTTP Request: POST http://127.0.0.1:8001/v1/chat/completions "HTTP/1.1 200 OK"
2026-04-29 14:35:18,905 - INFO - Rewrite strategy: Expanded keywords to include related concepts like 'break down,' 'split query,' and synonyms for 'sub-question' to target structured problem-solving approaches
2026-04-29 14:35:18,983 - INFO - 🔍 Analysis-Answer Agent: Starting information analysis
2026-04-29 14:35:28,655 - INFO - HTTP Request: POST http://127.0.0.1:8001/v1/chat/completions "HTTP/1.1 200 OK"
2026-04-29 14:35:28,656 - INFO - Analysis result: status=no
2026-04-29 14:35:28,657 - INFO - Insufficient information, attempting query rewrite (attempt 2/2)
2026-04-29 14:35:28,657 - INFO - ✏️ Rewrite Agent: Starting query rewrite
2026-04-29 14:35:48,204 - INFO - HTTP Request: POST http://127.0.0.1:8001/v1/chat/completions "HTTP/1.1 200 OK"
2026-04-29 14:35:48,206 - INFO - Rewrite strategy: Expanded the vague placeholder query by adding explicit question structure and common phrasings for sub-questions, while retaining the core concept of identifying the primary sub-question.
2026-04-29 14:35:48,276 - INFO - 🔍 Analysis-Answer Agent: Starting information analysis
2026-04-29 14:35:58,275 - INFO - HTTP Request: POST http://127.0.0.1:8001/v1/chat/completions "HTTP/1.1 200 OK"
2026-04-29 14:35:58,276 - INFO - Analysis result: status=no
2026-04-29 14:35:58,276 - WARNING - ❌ Sub-question 1 failed: The sub-question is missing or incomplete, making it impossible to determine what specific information is being requested. Without knowing the exact question, it is无法判断 whether the provided documents contain sufficient information to answer it.
2026-04-29 14:35:58,276 - WARNING - ⏭️ Skipping sub-question 2 due to missing dependencies: [1]
2026-04-29 14:35:58,276 - INFO - 
==================================================
2026-04-29 14:35:58,276 - INFO - Final answer: Unable to find answer
2026-04-29 14:35:58,276 - INFO - Total time: 116.41 seconds
2026-04-29 14:35:58,276 - INFO - Retrieval rounds: 3
2026-04-29 14:35:58,277 - INFO - Execution traces: 6
2026-04-29 14:35:58,277 - INFO - ==================================================

2026-04-29 14:35:58,277 - INFO - 
==================================================
Processing question: Who was Beyonce's husband talking about in the the song Cry?
==================================================
2026-04-29 14:35:58,277 - INFO - 🎯 PLAN Agent: Starting question decomposition
2026-04-29 14:36:21,687 - INFO - HTTP Request: POST http://127.0.0.1:8001/v1/chat/completions "HTTP/1.1 200 OK"
2026-04-29 14:36:21,688 - INFO - Generated plan: 2 sub-questions
2026-04-29 14:36:21,688 - INFO - 
Processing sub-question 1: Who is Beyonce's husband?
2026-04-29 14:36:21,754 - INFO - 🔍 Analysis-Answer Agent: Starting information analysis
2026-04-29 14:36:32,319 - INFO - HTTP Request: POST http://127.0.0.1:8001/v1/chat/completions "HTTP/1.1 200 OK"
2026-04-29 14:36:32,320 - INFO - Analysis result: status=yes
2026-04-29 14:36:32,321 - INFO - ✅ Sub-question 1 succeeded: Jay Z
2026-04-29 14:36:32,321 - INFO - 
Processing sub-question 2: Who was Jay Z talking about in the song 'Cry'?
2026-04-29 14:36:32,402 - INFO - 🔍 Analysis-Answer Agent: Starting information analysis
2026-04-29 14:36:45,355 - INFO - HTTP Request: POST http://127.0.0.1:8001/v1/chat/completions "HTTP/1.1 200 OK"
2026-04-29 14:36:45,356 - INFO - Analysis result: status=no
2026-04-29 14:36:45,356 - INFO - Insufficient information, attempting query rewrite (attempt 1/2)
2026-04-29 14:36:45,357 - INFO - ✏️ Rewrite Agent: Starting query rewrite
2026-04-29 14:37:02,294 - INFO - HTTP Request: POST http://127.0.0.1:8001/v1/chat/completions "HTTP/1.1 200 OK"
2026-04-29 14:37:02,295 - INFO - Rewrite strategy: Expanded keywords to include synonyms and related concepts (e.g., 'inspiration', 'references', 'relationships') while retaining key entities (Jay Z, Cry) to capture analyses discussing potential subjects of the song
2026-04-29 14:37:02,365 - INFO - 🔍 Analysis-Answer Agent: Starting information analysis
2026-04-29 14:37:16,645 - INFO - HTTP Request: POST http://127.0.0.1:8001/v1/chat/completions "HTTP/1.1 200 OK"
2026-04-29 14:37:16,647 - INFO - Analysis result: status=no
2026-04-29 14:37:16,647 - INFO - Insufficient information, attempting query rewrite (attempt 2/2)
2026-04-29 14:37:16,647 - INFO - ✏️ Rewrite Agent: Starting query rewrite
2026-04-29 14:37:36,951 - INFO - HTTP Request: POST http://127.0.0.1:8001/v1/chat/completions "HTTP/1.1 200 OK"
2026-04-29 14:37:36,952 - INFO - Rewrite strategy: Expanded keywords to include song analysis, lyrics interpretation, and specific references to relationships while retaining core entities. Added synonyms like 'ex-girlfriends' and 'past relationships' to capture potential contextual clues about the song's inspiration.
2026-04-29 14:37:37,035 - INFO - 🔍 Analysis-Answer Agent: Starting information analysis
2026-04-29 14:37:49,175 - INFO - HTTP Request: POST http://127.0.0.1:8001/v1/chat/completions "HTTP/1.1 200 OK"
2026-04-29 14:37:49,176 - INFO - Analysis result: status=no
2026-04-29 14:37:49,176 - WARNING - ❌ Sub-question 2 failed: The retrieved documents mention that Jay Z's song 'Cry' was inspired by three different past relationships he had, but they do not specify the identities of the individuals referenced in the song. The documents focus on general statements about the song's inspiration and unrelated topics like gender pay gaps, New York City transit, and other artists' works. Without explicit mentions of specific people or names tied to the song 'Cry,' the question cannot be answered using the provided information.
2026-04-29 14:37:49,176 - INFO - 
==================================================
2026-04-29 14:37:49,176 - INFO - Final answer: Jay Z
2026-04-29 14:37:49,177 - INFO - Total time: 110.90 seconds
2026-04-29 14:37:49,177 - INFO - Retrieval rounds: 4
2026-04-29 14:37:49,177 - INFO - Execution traces: 7
2026-04-29 14:37:49,177 - INFO - ==================================================

2026-04-29 14:37:49,177 - INFO - 
==================================================
Processing question: When was the region immediately north of the region where Israel is located and the site of the most growth in desalination for agricultural use established?
==================================================
2026-04-29 14:37:49,177 - INFO - 🎯 PLAN Agent: Starting question decomposition
2026-04-29 14:38:40,211 - INFO - HTTP Request: POST http://127.0.0.1:8001/v1/chat/completions "HTTP/1.1 200 OK"
2026-04-29 14:38:40,212 - INFO - Generated plan: 1 sub-questions
2026-04-29 14:38:40,212 - INFO - 
Processing sub-question 1: When was the region immediately north of the region where Israel is located and the site of the most growth in desalination for agricultural use established?
2026-04-29 14:38:40,292 - INFO - 🔍 Analysis-Answer Agent: Starting information analysis
2026-04-29 14:39:14,390 - INFO - HTTP Request: POST http://127.0.0.1:8001/v1/chat/completions "HTTP/1.1 200 OK"
2026-04-29 14:39:14,391 - INFO - Analysis result: status=no
2026-04-29 14:39:14,391 - INFO - Insufficient information, attempting query rewrite (attempt 1/2)
2026-04-29 14:39:14,391 - INFO - ✏️ Rewrite Agent: Starting query rewrite
2026-04-29 14:39:30,930 - INFO - HTTP Request: POST http://127.0.0.1:8001/v1/chat/completions "HTTP/1.1 200 OK"
2026-04-29 14:39:30,932 - INFO - Rewrite strategy: Expanded geographic descriptors (adjacent, northern, Levant, Eastern Mediterranean) and desalination-related terms (water desalination, desalination projects, expansion) while maintaining focus on agricultural applications and regional proximity to Israel
2026-04-29 14:39:31,009 - INFO - 🔍 Analysis-Answer Agent: Starting information analysis
2026-04-29 14:39:53,825 - INFO - HTTP Request: POST http://127.0.0.1:8001/v1/chat/completions "HTTP/1.1 200 OK"
2026-04-29 14:39:53,827 - INFO - Analysis result: status=no
2026-04-29 14:39:53,827 - INFO - Insufficient information, attempting query rewrite (attempt 2/2)
2026-04-29 14:39:53,827 - INFO - ✏️ Rewrite Agent: Starting query rewrite
2026-04-29 14:40:19,259 - INFO - HTTP Request: POST http://127.0.0.1:8001/v1/chat/completions "HTTP/1.1 200 OK"
2026-04-29 14:40:19,260 - INFO - Rewrite strategy: default expansion
2026-04-29 14:40:19,337 - INFO - 🔍 Analysis-Answer Agent: Starting information analysis
2026-04-29 14:41:12,377 - INFO - HTTP Request: POST http://127.0.0.1:8001/v1/chat/completions "HTTP/1.1 200 OK"
2026-04-29 14:41:12,378 - INFO - Analysis result: status=no
2026-04-29 14:41:12,378 - WARNING - ❌ Sub-question 1 failed: The documents mention Israel's geographical neighbors (e.g., Lebanon to the north, Jordan to the east) and discuss desalination growth in regions like the Persian Gulf and Singapore, but none explicitly identify the region immediately north of Israel with the most agricultural desalination growth or its establishment date. The retrieved texts lack specific information about the establishment timeline of such a region.
2026-04-29 14:41:12,378 - INFO - 
==================================================
2026-04-29 14:41:12,378 - INFO - Final answer: Unable to find answer
2026-04-29 14:41:12,378 - INFO - Total time: 203.20 seconds
2026-04-29 14:41:12,378 - INFO - Retrieval rounds: 3
2026-04-29 14:41:12,378 - INFO - Execution traces: 6
2026-04-29 14:41:12,378 - INFO - ==================================================

2026-04-29 14:41:12,378 - INFO - 
==================================================
Processing question: An Indy car race was held in the capital of the state where the performer of Mingus Plays Piano was born. Who won the race?
==================================================
2026-04-29 14:41:12,378 - INFO - 🎯 PLAN Agent: Starting question decomposition
2026-04-29 14:41:47,359 - INFO - HTTP Request: POST http://127.0.0.1:8001/v1/chat/completions "HTTP/1.1 200 OK"
2026-04-29 14:41:47,360 - INFO - Generated plan: 5 sub-questions
2026-04-29 14:41:47,361 - INFO - 
Processing sub-question 1: Who is the performer of Mingus Plays Piano?
2026-04-29 14:41:47,432 - INFO - 🔍 Analysis-Answer Agent: Starting information analysis
2026-04-29 14:41:59,695 - INFO - HTTP Request: POST http://127.0.0.1:8001/v1/chat/completions "HTTP/1.1 200 OK"
2026-04-29 14:41:59,696 - INFO - Analysis result: status=yes
2026-04-29 14:41:59,696 - INFO - ✅ Sub-question 1 succeeded: Charles Mingus
2026-04-29 14:41:59,696 - INFO - 
Processing sub-question 2: Where was Charles Mingus born?
2026-04-29 14:41:59,763 - INFO - 🔍 Analysis-Answer Agent: Starting information analysis
2026-04-29 14:42:09,960 - INFO - HTTP Request: POST http://127.0.0.1:8001/v1/chat/completions "HTTP/1.1 200 OK"
2026-04-29 14:42:09,961 - INFO - Analysis result: status=yes
2026-04-29 14:42:09,961 - INFO - ✅ Sub-question 2 succeeded: Nogales, Arizona
2026-04-29 14:42:09,961 - INFO - 
Processing sub-question 3: What is the capital of Nogales, Arizona?
2026-04-29 14:42:10,034 - INFO - 🔍 Analysis-Answer Agent: Starting information analysis
2026-04-29 14:42:32,405 - INFO - HTTP Request: POST http://127.0.0.1:8001/v1/chat/completions "HTTP/1.1 200 OK"
2026-04-29 14:42:32,406 - INFO - Analysis result: status=no
2026-04-29 14:42:32,406 - INFO - Insufficient information, attempting query rewrite (attempt 1/2)
2026-04-29 14:42:32,406 - INFO - ✏️ Rewrite Agent: Starting query rewrite
2026-04-29 14:42:46,576 - INFO - HTTP Request: POST http://127.0.0.1:8001/v1/chat/completions "HTTP/1.1 200 OK"
2026-04-29 14:42:46,577 - INFO - Rewrite strategy: Replaced 'capital' with municipal governance terms (city hall, municipal center, government building) to address the confusion between state capitals and city administrative centers. Expanded keywords to include synonyms for 'capital' and related infrastructure.
2026-04-29 14:42:46,648 - INFO - 🔍 Analysis-Answer Agent: Starting information analysis
2026-04-29 14:43:07,161 - INFO - HTTP Request: POST http://127.0.0.1:8001/v1/chat/completions "HTTP/1.1 200 OK"
2026-04-29 14:43:07,162 - INFO - Analysis result: status=no
2026-04-29 14:43:07,162 - INFO - Insufficient information, attempting query rewrite (attempt 2/2)
2026-04-29 14:43:07,162 - INFO - ✏️ Rewrite Agent: Starting query rewrite
2026-04-29 14:43:27,807 - INFO - HTTP Request: POST http://127.0.0.1:8001/v1/chat/completions "HTTP/1.1 200 OK"
2026-04-29 14:43:27,808 - INFO - Rewrite strategy: Expanded search terms to include county-related terms (county seat, administrative center) and synonyms for 'capital' (headquarters, government center) to address potential misunderstandings about municipal governance structures
2026-04-29 14:43:27,889 - INFO - 🔍 Analysis-Answer Agent: Starting information analysis
2026-04-29 14:43:48,199 - INFO - HTTP Request: POST http://127.0.0.1:8001/v1/chat/completions "HTTP/1.1 200 OK"
2026-04-29 14:43:48,200 - INFO - Analysis result: status=no
2026-04-29 14:43:48,200 - WARNING - ❌ Sub-question 3 failed: The documents mention Tucson as the county seat of Pima County, Arizona, and discuss the Tucson-Nogales combined statistical area. However, they do not provide any information about Nogales, Arizona, having a capital. Since Nogales is a city, not a state or county, it does not have a capital. The documents lack explicit information about Nogales' governance structure or capital, making it impossible to answer the question based on the provided texts.
2026-04-29 14:43:48,200 - WARNING - ⏭️ Skipping sub-question 4 due to missing dependencies: [3]
2026-04-29 14:43:48,200 - WARNING - ⏭️ Skipping sub-question 5 due to missing dependencies: [4]
2026-04-29 14:43:48,200 - INFO - 
==================================================
2026-04-29 14:43:48,200 - INFO - Final answer: Nogales, Arizona
2026-04-29 14:43:48,200 - INFO - Total time: 155.82 seconds
2026-04-29 14:43:48,200 - INFO - Retrieval rounds: 5
2026-04-29 14:43:48,200 - INFO - Execution traces: 8
2026-04-29 14:43:48,200 - INFO - ==================================================

2026-04-29 14:43:48,201 - INFO - 
==================================================
Processing question: What is the name of the famous bridge in the birth city of the composer of Scanderbeg?
==================================================
2026-04-29 14:43:48,201 - INFO - 🎯 PLAN Agent: Starting question decomposition
2026-04-29 14:44:39,276 - INFO - HTTP Request: POST http://127.0.0.1:8001/v1/chat/completions "HTTP/1.1 200 OK"
2026-04-29 14:44:39,278 - INFO - Generated plan: 2 sub-questions
2026-04-29 14:44:39,278 - INFO - 
Processing sub-question 1: First sub-question to answer
2026-04-29 14:44:39,343 - INFO - 🔍 Analysis-Answer Agent: Starting information analysis
2026-04-29 14:44:46,547 - INFO - HTTP Request: POST http://127.0.0.1:8001/v1/chat/completions "HTTP/1.1 200 OK"
2026-04-29 14:44:46,548 - INFO - Analysis result: status=no
2026-04-29 14:44:46,548 - INFO - Insufficient information, attempting query rewrite (attempt 1/2)
2026-04-29 14:44:46,548 - INFO - ✏️ Rewrite Agent: Starting query rewrite
2026-04-29 14:45:10,545 - INFO - HTTP Request: POST http://127.0.0.1:8001/v1/chat/completions "HTTP/1.1 200 OK"
2026-04-29 14:45:10,547 - INFO - Rewrite strategy: Expanded keywords and synonyms related to climate change and coastal ecosystems to narrow the focus
2026-04-29 14:45:10,607 - INFO - 🔍 Analysis-Answer Agent: Starting information analysis
2026-04-29 14:45:24,485 - INFO - HTTP Request: POST http://127.0.0.1:8001/v1/chat/completions "HTTP/1.1 200 OK"
2026-04-29 14:45:24,486 - INFO - Analysis result: status=yes
2026-04-29 14:45:24,487 - INFO - ✅ Sub-question 1 succeeded: The Mariana Trench is the deepest part of the world's oceans, with a maximum-known depth of 10,994 metres (36,070 ft) at the Challenger Deep. It is located in the western Pacific Ocean, approximately 200 kilometres (124 mi) east of the Mariana Islands.
2026-04-29 14:45:24,487 - INFO - 
Processing sub-question 2: Second sub-question using The Mariana Trench is the deepest part of the world's oceans, with a maximum-known depth of 10,994 metres (36,070 ft) at the Challenger Deep. It is located in the western Pacific Ocean, approximately 200 kilometres (124 mi) east of the Mariana Islands.
2026-04-29 14:45:24,579 - INFO - 🔍 Analysis-Answer Agent: Starting information analysis
2026-04-29 14:45:35,874 - INFO - HTTP Request: POST http://127.0.0.1:8001/v1/chat/completions "HTTP/1.1 200 OK"
2026-04-29 14:45:35,875 - INFO - Analysis result: status=yes
2026-04-29 14:45:35,875 - INFO - ✅ Sub-question 2 succeeded: The Mariana Trench is the deepest part of the world's oceans, with a maximum-known depth of 10,994 metres (36,070 ft) at the Challenger Deep. It is located in the western Pacific Ocean, approximately 200 kilometres (124 mi) east of the Mariana Islands.
2026-04-29 14:45:35,875 - INFO - 
==================================================
2026-04-29 14:45:35,875 - INFO - Final answer: The Mariana Trench is the deepest part of the world's oceans, with a maximum-known depth of 10,994 metres (36,070 ft) at the Challenger Deep. It is located in the western Pacific Ocean, approximately 200 kilometres (124 mi) east of the Mariana Islands.
2026-04-29 14:45:35,875 - INFO - Total time: 107.67 seconds
2026-04-29 14:45:35,876 - INFO - Retrieval rounds: 3
2026-04-29 14:45:35,876 - INFO - Execution traces: 5
2026-04-29 14:45:35,876 - INFO - ==================================================

2026-04-29 14:45:35,876 - INFO - 
==================================================
Processing question: Who was the spouse of a leading speaker against slavery and publisher of an antislavery newspaper?
==================================================
2026-04-29 14:45:35,876 - INFO - 🎯 PLAN Agent: Starting question decomposition
2026-04-29 14:45:47,713 - INFO - HTTP Request: POST http://127.0.0.1:8001/v1/chat/completions "HTTP/1.1 200 OK"
2026-04-29 14:45:47,715 - INFO - Generated plan: 2 sub-questions
2026-04-29 14:45:47,715 - INFO - 
Processing sub-question 1: Who was a leading speaker against slavery and publisher of an antislavery newspaper?
2026-04-29 14:45:47,784 - INFO - 🔍 Analysis-Answer Agent: Starting information analysis
2026-04-29 14:46:30,116 - INFO - HTTP Request: POST http://127.0.0.1:8001/v1/chat/completions "HTTP/1.1 200 OK"
2026-04-29 14:46:30,117 - INFO - Analysis result: status=yes
2026-04-29 14:46:30,117 - INFO - ✅ Sub-question 1 succeeded: William Cooper Nell
2026-04-29 14:46:30,117 - INFO - 
Processing sub-question 2: Who was the spouse of William Cooper Nell?
2026-04-29 14:46:30,183 - INFO - 🔍 Analysis-Answer Agent: Starting information analysis
2026-04-29 14:46:56,313 - INFO - HTTP Request: POST http://127.0.0.1:8001/v1/chat/completions "HTTP/1.1 200 OK"
2026-04-29 14:46:56,314 - INFO - Analysis result: status=no
2026-04-29 14:46:56,314 - INFO - Insufficient information, attempting query rewrite (attempt 1/2)
2026-04-29 14:46:56,314 - INFO - ✏️ Rewrite Agent: Starting query rewrite
2026-04-29 14:47:10,207 - INFO - HTTP Request: POST http://127.0.0.1:8001/v1/chat/completions "HTTP/1.1 200 OK"
2026-04-29 14:47:10,208 - INFO - Rewrite strategy: Expanded keywords to include synonyms for 'spouse' (wife, husband, partner) and related concepts (marital status, biography, family, genealogy). Incorporated his role as an abolitionist to target biographical sources that might contain personal information.
2026-04-29 14:47:10,280 - INFO - 🔍 Analysis-Answer Agent: Starting information analysis
2026-04-29 14:47:24,805 - INFO - HTTP Request: POST http://127.0.0.1:8001/v1/chat/completions "HTTP/1.1 200 OK"
2026-04-29 14:47:24,806 - INFO - Analysis result: status=no
2026-04-29 14:47:24,806 - INFO - Insufficient information, attempting query rewrite (attempt 2/2)
2026-04-29 14:47:24,807 - INFO - ✏️ Rewrite Agent: Starting query rewrite
2026-04-29 14:47:32,782 - INFO - HTTP Request: POST http://127.0.0.1:8001/v1/chat/completions "HTTP/1.1 200 OK"
2026-04-29 14:47:32,783 - INFO - Rewrite strategy: Expanded search terms to include synonyms for 'spouse' (wife, husband, partner) and related concepts (family, personal life, biography) to target sources containing personal information about Nell.
2026-04-29 14:47:32,863 - INFO - 🔍 Analysis-Answer Agent: Starting information analysis
2026-04-29 14:47:51,995 - INFO - HTTP Request: POST http://127.0.0.1:8001/v1/chat/completions "HTTP/1.1 200 OK"
2026-04-29 14:47:51,996 - INFO - Analysis result: status=no
2026-04-29 14:47:51,996 - WARNING - ❌ Sub-question 2 failed: The retrieved documents provide detailed information about William Cooper Nell's professional life, including his work as an abolitionist, journalist, and publisher, as well as his involvement with the 'North Star' newspaper. However, none of the documents mention his spouse or personal family details. The texts focus on his career and activism, leaving no record of his marital status or spouse.
2026-04-29 14:47:51,996 - INFO - 
==================================================
2026-04-29 14:47:51,996 - INFO - Final answer: William Cooper Nell
2026-04-29 14:47:51,996 - INFO - Total time: 136.12 seconds
2026-04-29 14:47:51,996 - INFO - Retrieval rounds: 4
2026-04-29 14:47:51,996 - INFO - Execution traces: 7
2026-04-29 14:47:51,996 - INFO - ==================================================

2026-04-29 14:47:51,997 - INFO - 
==================================================
Processing question: Where is the district that the person who wanted to reform and address John Kodwo Amissah's religion preached a sermon on Marian devotion before his death located?
==================================================
2026-04-29 14:47:51,997 - INFO - 🎯 PLAN Agent: Starting question decomposition
2026-04-29 14:48:36,701 - INFO - HTTP Request: POST http://127.0.0.1:8001/v1/chat/completions "HTTP/1.1 200 OK"
2026-04-29 14:48:36,703 - INFO - Generated plan: 2 sub-questions
2026-04-29 14:48:36,703 - INFO - 
Processing sub-question 1: Who wanted to reform and address John Kodwo Amissah's religion?
2026-04-29 14:48:36,776 - INFO - 🔍 Analysis-Answer Agent: Starting information analysis
2026-04-29 14:48:53,790 - INFO - HTTP Request: POST http://127.0.0.1:8001/v1/chat/completions "HTTP/1.1 200 OK"
2026-04-29 14:48:53,791 - INFO - Analysis result: status=no
2026-04-29 14:48:53,791 - INFO - Insufficient information, attempting query rewrite (attempt 1/2)
2026-04-29 14:48:53,791 - INFO - ✏️ Rewrite Agent: Starting query rewrite
2026-04-29 14:49:14,220 - INFO - HTTP Request: POST http://127.0.0.1:8001/v1/chat/completions "HTTP/1.1 200 OK"
2026-04-29 14:49:14,221 - INFO - Rewrite strategy: Expanded keywords to include synonyms for 'reform' (e.g., 'reformers', 'ecclesiastical changes') and 'address' (e.g., 'critics', 'controversies'), while retaining key entities like Vatican Council and Paul VI. Added terms related to religious conflict and institutional reforms to capture broader contextual links.
2026-04-29 14:49:14,297 - INFO - 🔍 Analysis-Answer Agent: Starting information analysis
2026-04-29 14:49:28,451 - INFO - HTTP Request: POST http://127.0.0.1:8001/v1/chat/completions "HTTP/1.1 200 OK"
2026-04-29 14:49:28,452 - INFO - Analysis result: status=no
2026-04-29 14:49:28,452 - INFO - Insufficient information, attempting query rewrite (attempt 2/2)
2026-04-29 14:49:28,452 - INFO - ✏️ Rewrite Agent: Starting query rewrite
2026-04-29 14:49:45,448 - INFO - HTTP Request: POST http://127.0.0.1:8001/v1/chat/completions "HTTP/1.1 200 OK"
2026-04-29 14:49:45,450 - INFO - Rewrite strategy: Expanded keywords to include synonyms for 'reform' (revise, change, challenge) and 'address' (critics, controversies). Added context about his role as a Catholic prelate and broader religious reform movements (liturgical reforms, Protestant Reformation) to capture related contexts.
2026-04-29 14:49:45,522 - INFO - 🔍 Analysis-Answer Agent: Starting information analysis
2026-04-29 14:49:59,794 - INFO - HTTP Request: POST http://127.0.0.1:8001/v1/chat/completions "HTTP/1.1 200 OK"
2026-04-29 14:49:59,795 - INFO - Analysis result: status=no
2026-04-29 14:49:59,795 - WARNING - ❌ Sub-question 1 failed: The retrieved documents mention John Kodwo Amissah as a Ghanaian Catholic prelate, but there is no information about anyone seeking to reform or address his religion. The documents discuss general religious contexts (e.g., Protestant Reformation, Catholic practices) but do not link any specific reforms to Amissah. The question appears to lack sufficient contextual or direct references in the provided texts.
2026-04-29 14:49:59,795 - WARNING - ⏭️ Skipping sub-question 2 due to missing dependencies: [1]
2026-04-29 14:49:59,795 - INFO - 
==================================================
2026-04-29 14:49:59,795 - INFO - Final answer: Unable to find answer
2026-04-29 14:49:59,795 - INFO - Total time: 127.80 seconds
2026-04-29 14:49:59,795 - INFO - Retrieval rounds: 3
2026-04-29 14:49:59,795 - INFO - Execution traces: 6
2026-04-29 14:49:59,795 - INFO - ==================================================

2026-04-29 14:49:59,796 - INFO - 
==================================================
Processing question: What is the capital of the county where Fort Deposit is located?
==================================================
2026-04-29 14:49:59,796 - INFO - 🎯 PLAN Agent: Starting question decomposition
2026-04-29 14:50:10,006 - INFO - HTTP Request: POST http://127.0.0.1:8001/v1/chat/completions "HTTP/1.1 200 OK"
2026-04-29 14:50:10,007 - INFO - Generated plan: 2 sub-questions
2026-04-29 14:50:10,007 - INFO - 
Processing sub-question 1: Which county is Fort Deposit located in?
2026-04-29 14:50:10,076 - INFO - 🔍 Analysis-Answer Agent: Starting information analysis
2026-04-29 14:50:18,563 - INFO - HTTP Request: POST http://127.0.0.1:8001/v1/chat/completions "HTTP/1.1 200 OK"
2026-04-29 14:50:18,564 - INFO - Analysis result: status=yes
2026-04-29 14:50:18,564 - INFO - ✅ Sub-question 1 succeeded: Lowndes County, Alabama
2026-04-29 14:50:18,564 - INFO - 
Processing sub-question 2: What is the capital of Lowndes County, Alabama?
2026-04-29 14:50:18,641 - INFO - 🔍 Analysis-Answer Agent: Starting information analysis
2026-04-29 14:50:27,977 - INFO - HTTP Request: POST http://127.0.0.1:8001/v1/chat/completions "HTTP/1.1 200 OK"
2026-04-29 14:50:27,978 - INFO - Analysis result: status=yes
2026-04-29 14:50:27,978 - INFO - ✅ Sub-question 2 succeeded: Hayneville
2026-04-29 14:50:27,978 - INFO - 
==================================================
2026-04-29 14:50:27,978 - INFO - Final answer: Hayneville
2026-04-29 14:50:27,978 - INFO - Total time: 28.18 seconds
2026-04-29 14:50:27,978 - INFO - Retrieval rounds: 2
2026-04-29 14:50:27,978 - INFO - Execution traces: 3
2026-04-29 14:50:27,978 - INFO - ==================================================

2026-04-29 14:50:27,978 - INFO - 
==================================================
Processing question: How long had Pfrang Association's headquarters location been the capitol city of the area where Guangling District is located?
==================================================
2026-04-29 14:50:27,978 - INFO - 🎯 PLAN Agent: Starting question decomposition
2026-04-29 14:51:19,215 - INFO - HTTP Request: POST http://127.0.0.1:8001/v1/chat/completions "HTTP/1.1 200 OK"
2026-04-29 14:51:19,217 - INFO - Generated plan: 1 sub-questions
2026-04-29 14:51:19,217 - INFO - 
Processing sub-question 1: How long had Pfrang Association's headquarters location been the capitol city of the area where Guangling District is located?
2026-04-29 14:51:19,298 - INFO - 🔍 Analysis-Answer Agent: Starting information analysis
2026-04-29 14:52:17,621 - INFO - HTTP Request: POST http://127.0.0.1:8001/v1/chat/completions "HTTP/1.1 200 OK"
2026-04-29 14:52:17,623 - INFO - Analysis result: status=no
2026-04-29 14:52:17,623 - INFO - Insufficient information, attempting query rewrite (attempt 1/2)
2026-04-29 14:52:17,623 - INFO - ✏️ Rewrite Agent: Starting query rewrite
2026-04-29 14:52:39,979 - INFO - HTTP Request: POST http://127.0.0.1:8001/v1/chat/completions "HTTP/1.1 200 OK"
2026-04-29 14:52:39,980 - INFO - Rewrite strategy: Simplified the complex location description by specifying Yangzhou as the capital of Jiangsu Province, which contains Guangling District. Expanded keywords to include synonyms for 'headquarters' and 'capital city', and clarified administrative relationships.
2026-04-29 14:52:40,063 - INFO - 🔍 Analysis-Answer Agent: Starting information analysis
2026-04-29 14:53:33,577 - INFO - HTTP Request: POST http://127.0.0.1:8001/v1/chat/completions "HTTP/1.1 200 OK"
2026-04-29 14:53:33,578 - INFO - Analysis result: status=yes
2026-04-29 14:53:33,578 - INFO - ✅ Sub-question 1 succeeded: Nanjing has been the capital of Jiangsu Province since the establishment of the People's Republic of China in 1949. Therefore, Pfrang Association's headquarters location (Nanjing) has been the capitol city of the area where Guangling District is located for 74 years as of 2023.
2026-04-29 14:53:33,579 - INFO - 
==================================================
2026-04-29 14:53:33,579 - INFO - Final answer: Nanjing has been the capital of Jiangsu Province since the establishment of the People's Republic of China in 1949. Therefore, Pfrang Association's headquarters location (Nanjing) has been the capitol city of the area where Guangling District is located for 74 years as of 2023.
2026-04-29 14:53:33,579 - INFO - Total time: 185.60 seconds
2026-04-29 14:53:33,579 - INFO - Retrieval rounds: 2
2026-04-29 14:53:33,579 - INFO - Execution traces: 4
2026-04-29 14:53:33,579 - INFO - ==================================================

2026-04-29 14:53:33,579 - INFO - 
==================================================
Processing question: What was the language Auctor comes from during the era of the man crowned first Holy Roman Emperor later known as?
==================================================
2026-04-29 14:53:33,579 - INFO - 🎯 PLAN Agent: Starting question decomposition
2026-04-29 14:53:54,152 - INFO - HTTP Request: POST http://127.0.0.1:8001/v1/chat/completions "HTTP/1.1 200 OK"
2026-04-29 14:53:54,153 - INFO - Generated plan: 2 sub-questions
2026-04-29 14:53:54,153 - INFO - 
Processing sub-question 1: Who was the first Holy Roman Emperor?
2026-04-29 14:53:54,223 - INFO - 🔍 Analysis-Answer Agent: Starting information analysis
2026-04-29 14:54:05,272 - INFO - HTTP Request: POST http://127.0.0.1:8001/v1/chat/completions "HTTP/1.1 200 OK"
2026-04-29 14:54:05,273 - INFO - Analysis result: status=yes
2026-04-29 14:54:05,273 - INFO - ✅ Sub-question 1 succeeded: Charlemagne (Charles the Great)
2026-04-29 14:54:05,274 - INFO - 
Processing sub-question 2: What was the language Charlemagne (Charles the Great) used during their reign?
2026-04-29 14:54:05,342 - INFO - 🔍 Analysis-Answer Agent: Starting information analysis
2026-04-29 14:54:23,454 - INFO - HTTP Request: POST http://127.0.0.1:8001/v1/chat/completions "HTTP/1.1 200 OK"
2026-04-29 14:54:23,455 - INFO - Analysis result: status=yes
2026-04-29 14:54:23,455 - INFO - ✅ Sub-question 2 succeeded: Latin
2026-04-29 14:54:23,455 - INFO - 
==================================================
2026-04-29 14:54:23,455 - INFO - Final answer: Latin
2026-04-29 14:54:23,455 - INFO - Total time: 49.88 seconds
2026-04-29 14:54:23,455 - INFO - Retrieval rounds: 2
2026-04-29 14:54:23,455 - INFO - Execution traces: 3
2026-04-29 14:54:23,455 - INFO - ==================================================

2026-04-29 14:54:23,456 - INFO - 
==================================================
Processing question: When did the 1979-80 European Cup winner win the FA Cup?
==================================================
2026-04-29 14:54:23,456 - INFO - 🎯 PLAN Agent: Starting question decomposition
2026-04-29 14:54:32,608 - INFO - HTTP Request: POST http://127.0.0.1:8001/v1/chat/completions "HTTP/1.1 200 OK"
2026-04-29 14:54:32,610 - INFO - Generated plan: 2 sub-questions
2026-04-29 14:54:32,610 - INFO - 
Processing sub-question 1: Who won the 1979-80 European Cup?
2026-04-29 14:54:32,680 - INFO - 🔍 Analysis-Answer Agent: Starting information analysis
2026-04-29 14:54:43,893 - INFO - HTTP Request: POST http://127.0.0.1:8001/v1/chat/completions "HTTP/1.1 200 OK"
2026-04-29 14:54:43,894 - INFO - Analysis result: status=yes
2026-04-29 14:54:43,894 - INFO - ✅ Sub-question 1 succeeded: Nottingham Forest
2026-04-29 14:54:43,894 - INFO - 
Processing sub-question 2: When did Nottingham Forest win the FA Cup?
2026-04-29 14:54:43,961 - INFO - 🔍 Analysis-Answer Agent: Starting information analysis
2026-04-29 14:54:55,117 - INFO - HTTP Request: POST http://127.0.0.1:8001/v1/chat/completions "HTTP/1.1 200 OK"
2026-04-29 14:54:55,118 - INFO - Analysis result: status=yes
2026-04-29 14:54:55,118 - INFO - ✅ Sub-question 2 succeeded: Nottingham Forest won the FA Cup in 1898 and 1959.
2026-04-29 14:54:55,118 - INFO - 
==================================================
2026-04-29 14:54:55,118 - INFO - Final answer: Nottingham Forest won the FA Cup in 1898 and 1959.
2026-04-29 14:54:55,118 - INFO - Total time: 31.66 seconds
2026-04-29 14:54:55,118 - INFO - Retrieval rounds: 2
2026-04-29 14:54:55,118 - INFO - Execution traces: 3
2026-04-29 14:54:55,118 - INFO - ==================================================

2026-04-29 14:54:55,119 - INFO - 
==================================================
Processing question: Who was a prominent figure at the radio division of the network that created the version of The Biggest Loser set in the country where Seria is?
==================================================
2026-04-29 14:54:55,119 - INFO - 🎯 PLAN Agent: Starting question decomposition
2026-04-29 14:55:46,213 - INFO - HTTP Request: POST http://127.0.0.1:8001/v1/chat/completions "HTTP/1.1 200 OK"
2026-04-29 14:55:46,214 - INFO - Generated plan: 2 sub-questions
2026-04-29 14:55:46,214 - INFO - 
Processing sub-question 1: First sub-question to answer
2026-04-29 14:55:46,274 - INFO - 🔍 Analysis-Answer Agent: Starting information analysis
2026-04-29 14:55:55,632 - INFO - HTTP Request: POST http://127.0.0.1:8001/v1/chat/completions "HTTP/1.1 200 OK"
2026-04-29 14:55:55,634 - INFO - Analysis result: status=no
2026-04-29 14:55:55,634 - INFO - Insufficient information, attempting query rewrite (attempt 1/2)
2026-04-29 14:55:55,634 - INFO - ✏️ Rewrite Agent: Starting query rewrite
2026-04-29 14:56:17,902 - INFO - HTTP Request: POST http://127.0.0.1:8001/v1/chat/completions "HTTP/1.1 200 OK"
2026-04-29 14:56:17,903 - INFO - Rewrite strategy: Expanded keywords to include related terms and concepts while maintaining focus on the core topics mentioned in the failure analysis
2026-04-29 14:56:17,981 - INFO - 🔍 Analysis-Answer Agent: Starting information analysis
2026-04-29 14:56:30,079 - INFO - HTTP Request: POST http://127.0.0.1:8001/v1/chat/completions "HTTP/1.1 200 OK"
2026-04-29 14:56:30,080 - INFO - Analysis result: status=no
2026-04-29 14:56:30,080 - INFO - Insufficient information, attempting query rewrite (attempt 2/2)
2026-04-29 14:56:30,080 - INFO - ✏️ Rewrite Agent: Starting query rewrite
2026-04-29 14:56:44,634 - INFO - HTTP Request: POST http://127.0.0.1:8001/v1/chat/completions "HTTP/1.1 200 OK"
2026-04-29 14:56:44,635 - INFO - Rewrite strategy: Expanded keywords with legal terminology synonyms to target specific legal topics while maintaining conciseness
2026-04-29 14:56:44,707 - INFO - 🔍 Analysis-Answer Agent: Starting information analysis
2026-04-29 14:56:55,015 - INFO - HTTP Request: POST http://127.0.0.1:8001/v1/chat/completions "HTTP/1.1 200 OK"
2026-04-29 14:56:55,016 - INFO - Analysis result: status=no
2026-04-29 14:56:55,016 - WARNING - ❌ Sub-question 1 failed: The sub-question is incomplete or missing, making it impossible to determine the required answer. The retrieved documents contain diverse information across multiple topics (e.g., music, law, geography, history), but without a clear, specific question, it is impossible to assess whether the documents provide sufficient information to answer the intended query.
2026-04-29 14:56:55,016 - WARNING - ⏭️ Skipping sub-question 2 due to missing dependencies: [1]
2026-04-29 14:56:55,016 - INFO - 
==================================================
2026-04-29 14:56:55,016 - INFO - Final answer: Unable to find answer
2026-04-29 14:56:55,016 - INFO - Total time: 119.90 seconds
2026-04-29 14:56:55,016 - INFO - Retrieval rounds: 3
2026-04-29 14:56:55,017 - INFO - Execution traces: 6
2026-04-29 14:56:55,017 - INFO - ==================================================

2026-04-29 14:56:55,017 - INFO - 
==================================================
Processing question: What was the 2018 population of the Italian city that's underwater?
==================================================
2026-04-29 14:56:55,017 - INFO - 🎯 PLAN Agent: Starting question decomposition
2026-04-29 14:57:46,059 - INFO - HTTP Request: POST http://127.0.0.1:8001/v1/chat/completions "HTTP/1.1 200 OK"
2026-04-29 14:57:46,060 - INFO - Generated plan: 1 sub-questions
2026-04-29 14:57:46,060 - INFO - 
Processing sub-question 1: What was the 2018 population of the Italian city that's underwater?
2026-04-29 14:57:46,143 - INFO - 🔍 Analysis-Answer Agent: Starting information analysis
2026-04-29 14:58:12,486 - INFO - HTTP Request: POST http://127.0.0.1:8001/v1/chat/completions "HTTP/1.1 200 OK"
2026-04-29 14:58:12,487 - INFO - Analysis result: status=yes
2026-04-29 14:58:12,487 - INFO - ✅ Sub-question 1 succeeded: 260,897
2026-04-29 14:58:12,487 - INFO - 
==================================================
2026-04-29 14:58:12,487 - INFO - Final answer: 260,897
2026-04-29 14:58:12,487 - INFO - Total time: 77.47 seconds
2026-04-29 14:58:12,487 - INFO - Retrieval rounds: 1
2026-04-29 14:58:12,487 - INFO - Execution traces: 2
2026-04-29 14:58:12,487 - INFO - ==================================================

